{
  "__AUTOGENERATED_FILE_DO_NOT_MODIFY_THIS_FILE_MANUALLY": "THERE_IS_NO_DATA_ONLY_ZUUL",
  "__INPUT_ARTIFACTS_HASH": -1781511218,
  "__RESOLVED_ARTIFACTS_HASH": 1370831359,
  "conflict_resolution": {
    "com.google.errorprone:error_prone_annotations:2.23.0": "com.google.errorprone:error_prone_annotations:2.24.1",
    "com.google.guava:guava:29.0-jre": "com.google.guava:guava:33.0.0-jre",
    "com.google.protobuf:protobuf-java:4.27.2": "com.google.protobuf:protobuf-java:4.31.1"
  },
  "artifacts": {
    "com.google.auto.value:auto-value-annotations": {
      "shasums": {
        "jar": "e1c45e6beadaef9797cb0d9afd5a45621ad061cd8632012f85582853a3887825",
        "sources": "61a433f015b12a6cf4ecff227c7748486ff8f294ffe9d39827b382ade0514d0a"
      },
      "version": "1.10.4"
    },
    "com.google.code.findbugs:jsr305": {
      "shasums": {
        "jar": "766ad2a0783f2687962c8ad74ceecc38a28b9f72a2d085ee438b7813e928d0c7",
        "sources": "1c9e85e272d0708c6a591dc74828c71603053b48cc75ae83cce56912a2aa063b"
      },
      "version": "3.0.2"
    },
    "com.google.code.gson:gson": {
      "shasums": {
        "jar": "4241c14a7727c34feea6507ec801318a3d4a90f070e4525681079fb94ee4c593",
        "sources": "eee1cc5c1f4267ee194cc245777e68084738ef390acd763354ce0ff6bfb7bcc1"
      },
      "version": "2.10.1"
    },
    "com.google.errorprone:error_prone_annotations": {
      "shasums": {
        "jar": "19fe2f7155d20ea093168527999da98108103ee546d1e8b726bc4b27c31a3c30",
        "sources": "d0d63b507b92b36d38d938e96daf260baa55e739fe9e0d642519b8fac823d288"
      },
      "version": "2.24.1"
    },
    "com.google.guava:failureaccess": {
      "shasums": {
        "jar": "8a8f81cf9b359e3f6dfa691a1e776985c061ef2f223c9b2c80753e1b458e8064",
        "sources": "dd3bfa5e2ec5bc5397efb2c3cef044c192313ff77089573667ff97a60c6978e0"
      },
      "version": "1.0.2"
    },
    "com.google.guava:guava": {
      "shasums": {
        "jar": "f4d85c3e4d411694337cb873abea09b242b664bb013320be6105327c45991537",
        "sources": "0c17d911785e8a606d091aa6740d6d520f307749c2bddf6e35066d52fe0036e5"
      },
      "version": "33.0.0-jre"
    },
    "com.google.guava:listenablefuture": {
      "shasums": {
        "jar": "b372a037d4230aa57fbeffdef30fd6123f9c0c2db85d0aced00c91b974f33f99"
      },
      "version": "9999.0-empty-to-avoid-conflict-with-guava"
    },
    "com.google.j2objc:j2objc-annotations": {
      "shasums": {
        "jar": "f02a95fa1a5e95edb3ed859fd0fb7df709d121a35290eff8b74dce2ab7f4d6ed",
        "sources": "7413eed41f111453a08837f5ac680edded7faed466cbd35745e402e13f4cc3f5"
      },
      "version": "2.8"
    },
    "com.google.protobuf:protobuf-java": {
      "shasums": {
        "jar": "d60dfe7c68a0d38a248cca96924f289dc7e1966a887ee7cae397701af08575ae",
        "sources": "0c1f6ecb409099c008358866086ea6e39f0f4b88e783ebb4c876ec0bbcee0e41"
      },
      "version": "4.31.1"
    },
    "com.google.protobuf:protobuf-java-util": {
      "shasums": {
        "jar": "a2665294d3e4675482bde593df8283f8c965f0207785e8e9b223f790644f5b08",
        "sources": "8f318bde0b3b68fb7df0760bf5d818dd7ebcd553155d9be93b4fed373e659847"
      },
      "version": "4.27.2"
    },
    "com.google.truth:truth": {
      "shasums": {
        "jar": "235c28e96ee6701ab01cc852fb294cb0f34756f636a8154b9aef08fb1215bbc4",
        "sources": "f2834e7abdd08f5ab31defe409f601e0863b31f3f47105ab3c5ae8df4a687318"
      },
      "version": "1.4.0"
    },
    "junit:junit": {
      "shasums": {
        "jar": "8e495b634469d64fb8acfa3495a065cbacc8a0fff55ce1e31007be4c16dc57d3",
        "sources": "34181df6482d40ea4c046b063cb53c7ffae94bdf1b1d62695bdf3adf9dea7e3a"
      },
      "version": "4.13.2"
    },
    "net.bytebuddy:byte-buddy": {
      "shasums": {
        "jar": "e99761a526df0fefbbd3fe14436b0f953000cdfa5151dc63c0b18d37d9c46f1c",
        "sources": "143dd9fe73f0566cc703934b7fd15abbb97bfab045064c2f176067e70456a136"
      },
      "version": "1.14.5"
    },
    "net.bytebuddy:byte-buddy-agent": {
      "shasums": {
        "jar": "55f19862b870f5d85890ba5386b1b45e9bbc88d5fe1f819abe0c788b4929fa6b",
        "sources": "8844d4b130218aa87e0f6b99f9a9b40971b45a95f44a0dfd409038c46631cb5b"
      },
      "version": "1.14.5"
    },
    "org.checkerframework:checker-qual": {
      "shasums": {
        "jar": "ccaedd33af0b7894d9f2f3b644f4d19e43928e32902e61ac4d10777830f5aac7",
        "sources": "efb65eb479f61f53c6dcafbd42ed59dad09b0a0d5a7f44b7bc68df25c2dcf8fd"
      },
      "version": "3.42.0"
    },
    "org.hamcrest:hamcrest-core": {
      "shasums": {
        "jar": "66fdef91e9739348df7a096aa384a5685f4e875584cce89386a7a47251c4d8e9",
        "sources": "e223d2d8fbafd66057a8848cc94222d63c3cedd652cc48eddc0ab5c39c0f84df"
      },
      "version": "1.3"
    },
    "org.mockito:mockito-core": {
      "shasums": {
        "jar": "b1689b06617ea01fd777bfaedbdde512faf083d639a049f79b388d5a4e96d2e5",
        "sources": "f21eb1cbb701477ba37c430b5a97ba78e3b3cf79a5737443e06b3f65bd7c9364"
      },
      "version": "5.4.0"
    },
    "org.objenesis:objenesis": {
      "shasums": {
        "jar": "02dfd0b0439a5591e35b708ed2f5474eb0948f53abf74637e959b8e4ef69bfeb",
        "sources": "d06164f8ca002c8ef193cef2d682822014dd330505616af93a3fb64226fc131d"
      },
      "version": "3.3"
    },
    "org.ow2.asm:asm": {
      "shasums": {
        "jar": "3c6fac2424db3d4a853b669f4e3d1d9c3c552235e19a319673f887083c2303a1",
        "sources": "2b6e12f0da3d065ba628a024a8851ab0d5b5d3501dacfcc18769243250f4f77e"
      },
      "version": "9.6"
    }
  },
  "dependencies": {
    "com.google.guava:guava": [
      "com.google.code.findbugs:jsr305",
      "com.google.errorprone:error_prone_annotations",
      "com.google.guava:failureaccess",
      "com.google.guava:listenablefuture",
      "com.google.j2objc:j2objc-annotations",
      "org.checkerframework:checker-qual"
    ],
    "com.google.protobuf:protobuf-java-util": [
      "com.google.code.findbugs:jsr305",
      "com.google.code.gson:gson",
      "com.google.errorprone:error_prone_annotations",
      "com.google.guava:guava",
      "com.google.j2objc:j2objc-annotations",
      "com.google.protobuf:protobuf-java"
    ],
    "com.google.truth:truth": [
      "com.google.auto.value:auto-value-annotations",
      "com.google.errorprone:error_prone_annotations",
      "com.google.guava:guava",
      "junit:junit",
      "org.checkerframework:checker-qual",
      "org.ow2.asm:asm"
    ],
    "junit:junit": [
      "org.hamcrest:hamcrest-core"
    ],
    "org.mockito:mockito-core": [
      "net.bytebuddy:byte-buddy",
      "net.bytebuddy:byte-buddy-agent",
      "org.objenesis:objenesis"
    ]
  },
  "packages": {
    "com.google.auto.value:auto-value-annotations": [
      "com.google.auto.value",
      "com.google.auto.value.extension.memoized",
      "com.google.auto.value.extension.serializable",
      "com.google.auto.value.extension.toprettystring"
    ],
    "com.google.code.findbugs:jsr305": [
      "javax.annotation",
      "javax.annotation.concurrent",
      "javax.annotation.meta"
    ],
    "com.google.code.gson:gson": [
      "com.google.gson",
      "com.google.gson.annotations",
      "com.google.gson.internal",
      "com.google.gson.internal.bind",
      "com.google.gson.internal.bind.util",
      "com.google.gson.internal.reflect",
      "com.google.gson.internal.sql",
      "com.google.gson.reflect",
      "com.google.gson.stream"
    ],
    "com.google.errorprone:error_prone_annotations": [
      "com.google.errorprone.annotations",
      "com.google.errorprone.annotations.concurrent"
    ],
    "com.google.guava:failureaccess": [
      "com.google.common.util.concurrent.internal"
    ],
    "com.google.guava:guava": [
      "com.google.common.annotations",
      "com.google.common.base",
      "com.google.common.base.internal",
      "com.google.common.cache",
      "com.google.common.collect",
      "com.google.common.escape",
      "com.google.common.eventbus",
      "com.google.common.graph",
      "com.google.common.hash",
      "com.google.common.html",
      "com.google.common.io",
      "com.google.common.math",
      "com.google.common.net",
      "com.google.common.primitives",
      "com.google.common.reflect",
      "com.google.common.util.concurrent",
      "com.google.common.xml",
      "com.google.thirdparty.publicsuffix"
    ],
    "com.google.j2objc:j2objc-annotations": [
      "com.google.j2objc.annotations"
    ],
    "com.google.protobuf:protobuf-java": [
      "com.google.protobuf",
      "com.google.protobuf.compiler"
    ],
    "com.google.protobuf:protobuf-java-util": [
      "com.google.protobuf.util"
    ],
    "com.google.truth:truth": [
      "com.google.common.truth"
    ],
    "junit:junit": [
      "junit.extensions",
      "junit.framework",
      "junit.runner",
      "junit.textui",
      "org.junit",
      "org.junit.experimental",
      "org.junit.experimental.categories",
      "org.junit.experimental.max",
      "org.junit.experimental.results",
      "org.junit.experimental.runners",
      "org.junit.experimental.theories",
      "org.junit.experimental.theories.internal",
      "org.junit.experimental.theories.suppliers",
      "org.junit.function",
      "org.junit.internal",
      "org.junit.internal.builders",
      "org.junit.internal.management",
      "org.junit.internal.matchers",
      "org.junit.internal.requests",
      "org.junit.internal.runners",
      "org.junit.internal.runners.model",
      "org.junit.internal.runners.rules",
      "org.junit.internal.runners.statements",
      "org.junit.matchers",
      "org.junit.rules",
      "org.junit.runner",
      "org.junit.runner.manipulation",
      "org.junit.runner.notification",
      "org.junit.runners",
      "org.junit.runners.model",
      "org.junit.runners.parameterized",
      "org.junit.validator"
    ],
    "net.bytebuddy:byte-buddy": [
      "net.bytebuddy",
      "net.bytebuddy.agent.builder",
      "net.bytebuddy.asm",
      "net.bytebuddy.build",
      "net.bytebuddy.description",
      "net.bytebuddy.description.annotation",
      "net.bytebuddy.description.enumeration",
      "net.bytebuddy.description.field",
      "net.bytebuddy.description.method",
      "net.bytebuddy.description.modifier",
      "net.bytebuddy.description.type",
      "net.bytebuddy.dynamic",
      "net.bytebuddy.dynamic.loading",
      "net.bytebuddy.dynamic.scaffold",
      "net.bytebuddy.dynamic.scaffold.inline",
      "net.bytebuddy.dynamic.scaffold.subclass",
      "net.bytebuddy.implementation",
      "net.bytebuddy.implementation.attribute",
      "net.bytebuddy.implementation.auxiliary",
      "net.bytebuddy.implementation.bind",
      "net.bytebuddy.implementation.bind.annotation",
      "net.bytebuddy.implementation.bytecode",
      "net.bytebuddy.implementation.bytecode.assign",
      "net.bytebuddy.implementation.bytecode.assign.primitive",
      "net.bytebuddy.implementation.bytecode.assign.reference",
      "net.bytebuddy.implementation.bytecode.collection",
      "net.bytebuddy.implementation.bytecode.constant",
      "net.bytebuddy.implementation.bytecode.member",
      "net.bytebuddy.jar.asm",
      "net.bytebuddy.jar.asm.commons",
      "net.bytebuddy.jar.asm.signature",
      "net.bytebuddy.matcher",
      "net.bytebuddy.pool",
      "net.bytebuddy.utility",
      "net.bytebuddy.utility.dispatcher",
      "net.bytebuddy.utility.nullability",
      "net.bytebuddy.utility.privilege",
      "net.bytebuddy.utility.visitor"
    ],
    "net.bytebuddy:byte-buddy-agent": [
      "net.bytebuddy.agent",
      "net.bytebuddy.agent.utility.nullability"
    ],
    "net.bytebuddy:byte-buddy:jar:sources": [
      "net.bytebuddy.build"
    ],
    "org.checkerframework:checker-qual": [
      "org.checkerframework.checker.builder.qual",
      "org.checkerframework.checker.calledmethods.qual",
      "org.checkerframework.checker.compilermsgs.qual",
      "org.checkerframework.checker.fenum.qual",
      "org.checkerframework.checker.formatter.qual",
      "org.checkerframework.checker.guieffect.qual",
      "org.checkerframework.checker.i18n.qual",
      "org.checkerframework.checker.i18nformatter.qual",
      "org.checkerframework.checker.index.qual",
      "org.checkerframework.checker.initialization.qual",
      "org.checkerframework.checker.interning.qual",
      "org.checkerframework.checker.lock.qual",
      "org.checkerframework.checker.mustcall.qual",
      "org.checkerframework.checker.nullness.qual",
      "org.checkerframework.checker.optional.qual",
      "org.checkerframework.checker.propkey.qual",
      "org.checkerframework.checker.regex.qual",
      "org.checkerframework.checker.signature.qual",
      "org.checkerframework.checker.signedness.qual",
      "org.checkerframework.checker.tainting.qual",
      "org.checkerframework.checker.units.qual",
      "org.checkerframework.common.aliasing.qual",
      "org.checkerframework.common.initializedfields.qual",
      "org.checkerframework.common.reflection.qual",
      "org.checkerframework.common.returnsreceiver.qual",
      "org.checkerframework.common.subtyping.qual",
      "org.checkerframework.common.util.count.report.qual",
      "org.checkerframework.common.value.qual",
      "org.checkerframework.dataflow.qual",
      "org.checkerframework.framework.qual"
    ],
    "org.hamcrest:hamcrest-core": [
      "org.hamcrest",
      "org.hamcrest.core",
      "org.hamcrest.internal"
    ],
    "org.mockito:mockito-core": [
      "org.mockito",
      "org.mockito.codegen",
      "org.mockito.configuration",
      "org.mockito.creation.instance",
      "org.mockito.exceptions.base",
      "org.mockito.exceptions.misusing",
      "org.mockito.exceptions.stacktrace",
      "org.mockito.exceptions.verification",
      "org.mockito.exceptions.verification.junit",
      "org.mockito.exceptions.verification.opentest4j",
      "org.mockito.hamcrest",
      "org.mockito.internal",
      "org.mockito.internal.configuration",
      "org.mockito.internal.configuration.injection",
      "org.mockito.internal.configuration.injection.filter",
      "org.mockito.internal.configuration.injection.scanner",
      "org.mockito.internal.configuration.plugins",
      "org.mockito.internal.creation",
      "org.mockito.internal.creation.bytebuddy",
      "org.mockito.internal.creation.instance",
      "org.mockito.internal.creation.proxy",
      "org.mockito.internal.creation.settings",
      "org.mockito.internal.creation.util",
      "org.mockito.internal.debugging",
      "org.mockito.internal.exceptions",
      "org.mockito.internal.exceptions.stacktrace",
      "org.mockito.internal.exceptions.util",
      "org.mockito.internal.framework",
      "org.mockito.internal.hamcrest",
      "org.mockito.internal.handler",
      "org.mockito.internal.invocation",
      "org.mockito.internal.invocation.finder",
      "org.mockito.internal.invocation.mockref",
      "org.mockito.internal.junit",
      "org.mockito.internal.listeners",
      "org.mockito.internal.matchers",
      "org.mockito.internal.matchers.apachecommons",
      "org.mockito.internal.matchers.text",
      "org.mockito.internal.progress",
      "org.mockito.internal.reporting",
      "org.mockito.internal.runners",
      "org.mockito.internal.runners.util",
      "org.mockito.internal.session",
      "org.mockito.internal.stubbing",
      "org.mockito.internal.stubbing.answers",
      "org.mockito.internal.stubbing.defaultanswers",
      "org.mockito.internal.util",
      "org.mockito.internal.util.collections",
      "org.mockito.internal.util.concurrent",
      "org.mockito.internal.util.io",
      "org.mockito.internal.util.reflection",
      "org.mockito.internal.verification",
      "org.mockito.internal.verification.api",
      "org.mockito.internal.verification.argumentmatching",
      "org.mockito.internal.verification.checkers",
      "org.mockito.invocation",
      "org.mockito.junit",
      "org.mockito.listeners",
      "org.mockito.mock",
      "org.mockito.plugins",
      "org.mockito.quality",
      "org.mockito.session",
      "org.mockito.stubbing",
      "org.mockito.verification"
    ],
    "org.objenesis:objenesis": [
      "org.objenesis",
      "org.objenesis.instantiator",
      "org.objenesis.instantiator.android",
      "org.objenesis.instantiator.annotations",
      "org.objenesis.instantiator.basic",
      "org.objenesis.instantiator.gcj",
      "org.objenesis.instantiator.perc",
      "org.objenesis.instantiator.sun",
      "org.objenesis.instantiator.util",
      "org.objenesis.strategy"
    ],
    "org.ow2.asm:asm": [
      "org.objectweb.asm",
      "org.objectweb.asm.signature"
    ]
  },
  "repositories": {
    "https://repo1.maven.org/maven2/": [
      "com.google.auto.value:auto-value-annotations",
      "com.google.auto.value:auto-value-annotations:jar:sources",
      "com.google.code.findbugs:jsr305",
      "com.google.code.findbugs:jsr305:jar:sources",
      "com.google.code.gson:gson",
      "com.google.code.gson:gson:jar:sources",
      "com.google.errorprone:error_prone_annotations",
      "com.google.errorprone:error_prone_annotations:jar:sources",
      "com.google.guava:failureaccess",
      "com.google.guava:failureaccess:jar:sources",
      "com.google.guava:guava",
      "com.google.guava:guava:jar:sources",
      "com.google.guava:listenablefuture",
      "com.google.j2objc:j2objc-annotations",
      "com.google.j2objc:j2objc-annotations:jar:sources",
      "com.google.protobuf:protobuf-java",
      "com.google.protobuf:protobuf-java-util",
      "com.google.protobuf:protobuf-java-util:jar:sources",
      "com.google.protobuf:protobuf-java:jar:sources",
      "com.google.truth:truth",
      "com.google.truth:truth:jar:sources",
      "junit:junit",
      "junit:junit:jar:sources",
      "net.bytebuddy:byte-buddy",
      "net.bytebuddy:byte-buddy-agent",
      "net.bytebuddy:byte-buddy-agent:jar:sources",
      "net.bytebuddy:byte-buddy:jar:sources",
      "org.checkerframework:checker-qual",
      "org.checkerframework:checker-qual:jar:sources",
      "org.hamcrest:hamcrest-core",
      "org.hamcrest:hamcrest-core:jar:sources",
      "org.mockito:mockito-core",
      "org.mockito:mockito-core:jar:sources",
      "org.objenesis:objenesis",
      "org.objenesis:objenesis:jar:sources",
      "org.ow2.asm:asm",
      "org.ow2.asm:asm:jar:sources"
    ]
  },
  "services": {},
  "skipped": [
    "com.google.guava:listenablefuture:jar:sources"
  ],
  "version": "2"
}
