{
  "__AUTOGENERATED_FILE_DO_NOT_MODIFY_THIS_FILE_MANUALLY": "THERE_IS_NO_DATA_ONLY_ZUUL",
  "__INPUT_ARTIFACTS_HASH": -1363587091,
  "__RESOLVED_ARTIFACTS_HASH": -1912981286,
  "artifacts": {
    "com.chuusai:shapeless_2.12": {
      "shasums": {
        "jar": "312e301432375132ab49592bd8d22b9cd42a338a6300c6157fb4eafd1e3d5033",
        "sources": "2d53fea1b1ab224a4a731d99245747a640deaa6ef3912c253666aa61287f3d63"
      },
      "version": "2.3.3"
    },
    "com.github.pureconfig:pureconfig-core_2.12": {
      "shasums": {
        "jar": "3909c71647b99ab6d342a3adb286fe0633e75da37bac268d131b40de84763f82",
        "sources": "feaf591dd2e8a9d3e8294f4a897dc318043563a575b2b0709c5f1237b4b4da7e"
      },
      "version": "0.10.2"
    },
    "com.github.pureconfig:pureconfig-generic_2.12": {
      "shasums": {
        "jar": "2f27522d425c2b2463c855b987bac6c00a740feb2283ac347bca64675595ead1",
        "sources": "e2c661bac31c58bcb2919b00b0ee16a79ce9e468774482f459f0051d1a436895"
      },
      "version": "0.10.2"
    },
    "com.github.pureconfig:pureconfig-macros_2.12": {
      "shasums": {
        "jar": "f6ce76fb69f9f4083cbf62ddc6b0d28b0e895bd40ccc22add736ce6bc57afbc8",
        "sources": "a3614de8167f199b2bc670a2c90f0d173a0d244bbb3e556629b470de28c39937"
      },
      "version": "0.10.2"
    },
    "com.github.pureconfig:pureconfig_2.12": {
      "shasums": {
        "jar": "b104c40e1e180c08e47acbe5a43322210cf36cb918e7c0c532dbe00f7fb346c5",
        "sources": "f838008bab3d7591a36e73d680aedb01288681cd333439dc0016eed66fe016a6"
      },
      "version": "0.10.2"
    },
    "com.typesafe.akka:akka-actor_2.12": {
      "shasums": {
        "jar": "579c8c53f552b1578d30d6905ce7264394e6ef72de782e41683a8b4e060d74ec",
        "sources": "735f7b21d3820016287c634ebcf4b5edf73cc8ff073aeedd1ea0562b34a9eab3"
      },
      "version": "2.5.22"
    },
    "com.typesafe.akka:akka-http-core_2.12": {
      "shasums": {
        "jar": "d456d457613db43fe10c1bfd0e5046672061eba2af802c81970a470ec397014f",
        "sources": "c1bb96f732bc07e5c7a52f785de2212ae33eaa3cf25a3796743b3c77046bf668"
      },
      "version": "10.1.8"
    },
    "com.typesafe.akka:akka-http-testkit_2.12": {
      "shasums": {
        "jar": "00fc0b55720caea3b218dccbcbad78c9fab5db65f4dd891ce0a23695aa8b4adf",
        "sources": "d928628ac6704ffdef0013a4665e84809559066bd74b19b06effa2511a0e6870"
      },
      "version": "10.1.8"
    },
    "com.typesafe.akka:akka-http_2.12": {
      "shasums": {
        "jar": "40f8457b6011dda35edcd30911c55d086800d0dad065e3d91c9b4190522aa824",
        "sources": "d43839b0b69d801cdbd2bd1637ae01b7bd853fac6d75108af8a61ec2359c2424"
      },
      "version": "10.1.8"
    },
    "com.typesafe.akka:akka-parsing_2.12": {
      "shasums": {
        "jar": "ef104a616c9acf498e80cc643a73bde4cd67821ec12f48676ad4aec017201174",
        "sources": "a833b50687cac32ba4fdba19a5146df04b7a8f95d325fc1229a6960d5a81e274"
      },
      "version": "10.1.8"
    },
    "com.typesafe.akka:akka-protobuf_2.12": {
      "shasums": {
        "jar": "473189e93a67ab7528e28daa9ef46d49c077595f4dba30c34ab4dbe1f2056501",
        "sources": "51c21e15227fe74316f2b430e536ca07be174194bb6c6bff82eb73d30e4bbb17"
      },
      "version": "2.5.22"
    },
    "com.typesafe.akka:akka-stream-testkit_2.12": {
      "shasums": {
        "jar": "eebb5782eb9dfa08931983c71c63ba6e5154d36922815d3673d2cba252ce01c4",
        "sources": "a18745f1a22aaa7c8370fd3bf51738c8c98b2b9a77dd01a08ff1f666554680b9"
      },
      "version": "2.5.22"
    },
    "com.typesafe.akka:akka-stream_2.12": {
      "shasums": {
        "jar": "201d502de6f27a7ba8ebebe5c6fe90d315d81526a4a1d65ccb1586a680cfcd76",
        "sources": "587fee05e6272cb4603130b941392513fb01e012c714163d8ca0777ed41b2375"
      },
      "version": "2.5.22"
    },
    "com.typesafe.akka:akka-testkit_2.12": {
      "shasums": {
        "jar": "1c7f570611e969a36988cd59ae0d9467cac085e1e63369947570d9011594deba",
        "sources": "1c9f4f317ce9e4c65eb8c21e5705223248e02a689eee472f2a0af0ffec531517"
      },
      "version": "2.5.22"
    },
    "com.typesafe.scala-logging:scala-logging_2.12": {
      "shasums": {
        "jar": "eb4e31b7785d305b5baf0abd23a64b160e11b8cbe2503a765aa4b01247127dad",
        "sources": "66684d657691bfee01f6a62ac6909a6366b074521645f0bbacb1221e916a8d5f"
      },
      "version": "3.9.2"
    },
    "com.typesafe:config": {
      "shasums": {
        "jar": "b5f1d6071f1548d05be82f59f9039c7d37a1787bd8e3c677e31ee275af4a4621",
        "sources": "fcd7c3070417c776b313cc559665c035d74e3a2b40a89bbb0e9bff6e567c9cc8"
      },
      "version": "1.3.3"
    },
    "com.typesafe:ssl-config-core_2.12": {
      "shasums": {
        "jar": "5e41dfedc96081c6cf6d14f83f0e83cbefed7f5a3c50ae0b4c98344cc91545ad",
        "sources": "876aec553b4bd9575f51732074285705ec3bd2877b51379bf82e506e3e30bfc8"
      },
      "version": "0.3.7"
    },
    "net.bytebuddy:byte-buddy": {
      "shasums": {
        "jar": "2936debc4d7b6c534848d361412e2d0f8bd06f7f27a6f4e728a20e97648d2bf3",
        "sources": "e41b3be190770b9ca88a88f4853b205ba0999a0a3d82014678ed06fbf66287b1"
      },
      "version": "1.9.10"
    },
    "net.bytebuddy:byte-buddy-agent": {
      "shasums": {
        "jar": "8ed739d29132103250d307d2e8e3c95f07588ef0543ab11d2881d00768a5e182",
        "sources": "d506d0a0894fa0b9bf1dca8d55f11d71f1b07138503f7b747640f7087380b8ec"
      },
      "version": "1.9.10"
    },
    "org.mockito:mockito-core": {
      "shasums": {
        "jar": "4c6f5033d07e52c5f238f359a25a4898114f0de973a2acf1db67abb4742f5c17",
        "sources": "2e939e8ed4619f590076dd34ba44e5782b276f3a605becc699aa088274fd53ba"
      },
      "version": "2.26.0"
    },
    "org.objenesis:objenesis": {
      "shasums": {
        "jar": "5e168368fbc250af3c79aa5fef0c3467a2d64e5a7bd74005f25d8399aeb0708d",
        "sources": "52d9f4dba531677fc074eff00ea07f22a1d42e5a97cc9e8571c4cd3d459b6be0"
      },
      "version": "2.6"
    },
    "org.reactivestreams:reactive-streams": {
      "shasums": {
        "jar": "cc09ab0b140e0d0496c2165d4b32ce24f4d6446c0a26c5dc77b06bdf99ee8fae",
        "sources": "963a6480f46a64013d0f144ba41c6c6e63c4d34b655761717a436492886f3667"
      },
      "version": "1.0.2"
    },
    "org.scala-lang.modules:scala-java8-compat_2.12": {
      "shasums": {
        "jar": "d9d5dfd1bc49a8158e6e0a90b2ed08fa602984d815c00af16cec53557e83ef8e",
        "sources": "c0926003987a5c21108748fda401023485085eaa9fe90a41a40bcf67596fff34"
      },
      "version": "0.8.0"
    },
    "org.scala-lang.modules:scala-parser-combinators_2.12": {
      "shasums": {
        "jar": "a8a2c6b31457c9ef15c63f5f1ac6b45e6b979059627e38c24416a900098ffb2e",
        "sources": "b005ff7606449700f8ec6d8b5866e1a7d62b80b00b80c005bb4d2677eb353624"
      },
      "version": "1.1.1"
    },
    "org.scala-lang.modules:scala-xml_2.12": {
      "shasums": {
        "jar": "ccaa5edaf1e653f5ba6bfbb3cefa525f34719112b61e4fa42e8c4fcf690a3e35",
        "sources": "f4c3284cf8bb195488263414d8608f0df34e0d5b8f4bc6ec6a157115bfeb5300"
      },
      "version": "1.3.0"
    },
    "org.scala-lang:scala-library": {
      "shasums": {
        "jar": "1bb415cff43f792636556a1137b213b192ab0246be003680a3b006d01235dd89",
        "sources": "d299cc22829c08bc595a1d4378d7ad521babb6871ca2eab623d55b80c9307653"
      },
      "version": "2.12.13"
    },
    "org.scala-lang:scala-reflect": {
      "shasums": {
        "jar": "2bd46318d87945e72eb186a7b5ea496c43cf8f0aabc6ff11b3e7962f8635e669",
        "sources": "1226f12c7d368b76e8ed43fad1cf93a5516efaaa0f75f865fddb818bb06d9256"
      },
      "version": "2.12.13"
    },
    "org.scalactic:scalactic_2.12": {
      "shasums": {
        "jar": "a5f01a0ecb7479b4f43e03147094279609d66fdaa04a9cb3238510d7c4dbc22a",
        "sources": "c721a35914b328e30c2773de52b2e16a5565c136b4cec1692e6668e5c75d98b7"
      },
      "version": "3.2.9"
    },
    "org.scalatest:scalatest-compatible": {
      "shasums": {
        "jar": "7e5f1193af2fd88c432c4b80ce3641e4b1d062f421d8a0fcc43af9a19bb7c2eb",
        "sources": "2d2d8645e812f6acae111ea36f6f53a970692e8927a2846886a024286538217d"
      },
      "version": "3.2.9"
    },
    "org.scalatest:scalatest-core_2.12": {
      "shasums": {
        "jar": "8d5bc6b847caaf221fa42cc214dcd1c70fd758aef384a2b6498463db0caf8e3c",
        "sources": "c1c1e7e939a43a59f1919c87b7574e6afb6911bce9ee54dc3a19e8c8a5074234"
      },
      "version": "3.2.9"
    },
    "org.scalatest:scalatest-wordspec_2.12": {
      "shasums": {
        "jar": "3d51d057ac4858fb38faf63035f94687a29f75492825ee8881204008a0a59a95",
        "sources": "8a6f23594cf387e6c30f188ea308752e6da469e0477b7a11423d9f9999f2b66f"
      },
      "version": "3.2.9"
    },
    "org.scalaz:scalaz-concurrent_2.12": {
      "shasums": {
        "jar": "427eb84e6a95bb897a9c8577dc1756a8b7b643281d997e946f0754cfd334e186",
        "sources": "8335b3e8a1130fa6d26deb5e1a111d10b8d06aa03d8c209f93440457bd65ffb3"
      },
      "version": "7.2.27"
    },
    "org.scalaz:scalaz-core_2.12": {
      "shasums": {
        "jar": "a30125affe1b7abb8e51571f04724b7716b8cbab27bb8636303724606c61c662",
        "sources": "25b521fd1e4f37d31ff6e633824cb5572acb907e9ad340f8eb0e2b51ad34d08c"
      },
      "version": "7.2.27"
    },
    "org.scalaz:scalaz-effect_2.12": {
      "shasums": {
        "jar": "2346c38e1ce97eb4a87a5963bb8527d191a1e1e62b827e4f3342e210489b37f6",
        "sources": "2d517256e770857618597f5907d8e1f41b61df56f8b377235730a7451383a383"
      },
      "version": "7.2.27"
    },
    "org.slf4j:slf4j-api": {
      "shasums": {
        "jar": "6d9e5b86cfd1dd44c676899285b5bb4fa0d371cf583e8164f9c8a0366553242b",
        "sources": "9e25ad98a324e6685752fd01fbbd0588ceec5df564e53c49486946a2d19dc482"
      },
      "version": "1.7.26"
    },
    "org.slf4j:slf4j-simple": {
      "shasums": {
        "jar": "4b8ed75e2273850bf4eeb411ae5de5e0c0a44da59a96ca68d284749a6a373678",
        "sources": "342b07260d82e5e79e0338daf15cb960b515c6831025d9b5303ca04f0e5a47f5"
      },
      "version": "1.7.26"
    },
    "org.typelevel:macro-compat_2.12": {
      "shasums": {
        "jar": "8b1514ec99ac9c7eded284367b6c9f8f17a097198a44e6f24488706d66bbd2b8",
        "sources": "c748cbcda2e8828dd25e788617a4c559abf92960ef0f92f9f5d3ea67774c34c8"
      },
      "version": "1.1.1"
    }
  },
  "dependencies": {
    "com.chuusai:shapeless_2.12": [
      "org.scala-lang:scala-library",
      "org.typelevel:macro-compat_2.12"
    ],
    "com.github.pureconfig:pureconfig-core_2.12": [
      "com.github.pureconfig:pureconfig-macros_2.12",
      "com.typesafe:config",
      "org.scala-lang:scala-library"
    ],
    "com.github.pureconfig:pureconfig-generic_2.12": [
      "com.chuusai:shapeless_2.12",
      "com.github.pureconfig:pureconfig-core_2.12",
      "org.scala-lang:scala-library"
    ],
    "com.github.pureconfig:pureconfig-macros_2.12": [
      "org.scala-lang:scala-library"
    ],
    "com.github.pureconfig:pureconfig_2.12": [
      "com.github.pureconfig:pureconfig-core_2.12",
      "com.github.pureconfig:pureconfig-generic_2.12",
      "org.scala-lang:scala-library"
    ],
    "com.typesafe.akka:akka-actor_2.12": [
      "com.typesafe:config",
      "org.scala-lang.modules:scala-java8-compat_2.12",
      "org.scala-lang:scala-library"
    ],
    "com.typesafe.akka:akka-http-core_2.12": [
      "com.typesafe.akka:akka-parsing_2.12",
      "org.scala-lang:scala-library"
    ],
    "com.typesafe.akka:akka-http-testkit_2.12": [
      "com.typesafe.akka:akka-http_2.12",
      "org.scala-lang:scala-library"
    ],
    "com.typesafe.akka:akka-http_2.12": [
      "com.typesafe.akka:akka-http-core_2.12",
      "org.scala-lang:scala-library"
    ],
    "com.typesafe.akka:akka-parsing_2.12": [
      "org.scala-lang:scala-library"
    ],
    "com.typesafe.akka:akka-protobuf_2.12": [
      "org.scala-lang:scala-library"
    ],
    "com.typesafe.akka:akka-stream-testkit_2.12": [
      "com.typesafe.akka:akka-stream_2.12",
      "com.typesafe.akka:akka-testkit_2.12",
      "org.scala-lang:scala-library"
    ],
    "com.typesafe.akka:akka-stream_2.12": [
      "com.typesafe.akka:akka-actor_2.12",
      "com.typesafe.akka:akka-protobuf_2.12",
      "com.typesafe:ssl-config-core_2.12",
      "org.reactivestreams:reactive-streams",
      "org.scala-lang:scala-library"
    ],
    "com.typesafe.akka:akka-testkit_2.12": [
      "com.typesafe.akka:akka-actor_2.12",
      "org.scala-lang:scala-library"
    ],
    "com.typesafe.scala-logging:scala-logging_2.12": [
      "org.scala-lang:scala-library",
      "org.scala-lang:scala-reflect",
      "org.slf4j:slf4j-api"
    ],
    "com.typesafe:ssl-config-core_2.12": [
      "com.typesafe:config",
      "org.scala-lang.modules:scala-parser-combinators_2.12",
      "org.scala-lang:scala-library"
    ],
    "org.mockito:mockito-core": [
      "net.bytebuddy:byte-buddy",
      "net.bytebuddy:byte-buddy-agent",
      "org.objenesis:objenesis"
    ],
    "org.scala-lang.modules:scala-java8-compat_2.12": [
      "org.scala-lang:scala-library"
    ],
    "org.scala-lang.modules:scala-parser-combinators_2.12": [
      "org.scala-lang:scala-library"
    ],
    "org.scala-lang.modules:scala-xml_2.12": [
      "org.scala-lang:scala-library"
    ],
    "org.scala-lang:scala-reflect": [
      "org.scala-lang:scala-library"
    ],
    "org.scalactic:scalactic_2.12": [
      "org.scala-lang:scala-library",
      "org.scala-lang:scala-reflect"
    ],
    "org.scalatest:scalatest-core_2.12": [
      "org.scala-lang.modules:scala-xml_2.12",
      "org.scala-lang:scala-library",
      "org.scala-lang:scala-reflect",
      "org.scalactic:scalactic_2.12",
      "org.scalatest:scalatest-compatible"
    ],
    "org.scalatest:scalatest-wordspec_2.12": [
      "org.scala-lang:scala-library",
      "org.scala-lang:scala-reflect",
      "org.scalatest:scalatest-core_2.12"
    ],
    "org.scalaz:scalaz-concurrent_2.12": [
      "org.scala-lang:scala-library",
      "org.scalaz:scalaz-core_2.12",
      "org.scalaz:scalaz-effect_2.12"
    ],
    "org.scalaz:scalaz-core_2.12": [
      "org.scala-lang:scala-library"
    ],
    "org.scalaz:scalaz-effect_2.12": [
      "org.scala-lang:scala-library",
      "org.scalaz:scalaz-core_2.12"
    ],
    "org.slf4j:slf4j-simple": [
      "org.slf4j:slf4j-api"
    ],
    "org.typelevel:macro-compat_2.12": [
      "org.scala-lang:scala-library"
    ]
  },
  "packages": {
    "com.chuusai:shapeless_2.12": [
      "shapeless",
      "shapeless.ops",
      "shapeless.ops.record",
      "shapeless.syntax",
      "shapeless.syntax.std",
      "shapeless.test"
    ],
    "com.github.pureconfig:pureconfig-core_2.12": [
      "pureconfig",
      "pureconfig.backend",
      "pureconfig.configurable",
      "pureconfig.derivation",
      "pureconfig.error",
      "pureconfig.syntax"
    ],
    "com.github.pureconfig:pureconfig-generic_2.12": [
      "pureconfig.generic"
    ],
    "com.github.pureconfig:pureconfig-macros_2.12": [
      "pureconfig",
      "pureconfig.derivation"
    ],
    "com.typesafe.akka:akka-actor_2.12": [
      "akka",
      "akka.actor",
      "akka.actor.dsl",
      "akka.actor.dungeon",
      "akka.actor.setup",
      "akka.annotation",
      "akka.compat",
      "akka.dispatch",
      "akka.dispatch.affinity",
      "akka.dispatch.forkjoin",
      "akka.dispatch.sysmsg",
      "akka.event",
      "akka.event.japi",
      "akka.event.jul",
      "akka.io",
      "akka.io.dns",
      "akka.io.dns.internal",
      "akka.japi",
      "akka.japi.function",
      "akka.japi.pf",
      "akka.japi.tuple",
      "akka.pattern",
      "akka.pattern.extended",
      "akka.pattern.internal",
      "akka.routing",
      "akka.serialization",
      "akka.util",
      "akka.util.ccompat"
    ],
    "com.typesafe.akka:akka-http-core_2.12": [
      "akka.http",
      "akka.http.ccompat",
      "akka.http.ccompat.imm",
      "akka.http.impl.engine",
      "akka.http.impl.engine.client",
      "akka.http.impl.engine.client.pool",
      "akka.http.impl.engine.parsing",
      "akka.http.impl.engine.rendering",
      "akka.http.impl.engine.server",
      "akka.http.impl.engine.ws",
      "akka.http.impl.model",
      "akka.http.impl.model.parser",
      "akka.http.impl.settings",
      "akka.http.impl.util",
      "akka.http.javadsl",
      "akka.http.javadsl.model",
      "akka.http.javadsl.model.headers",
      "akka.http.javadsl.model.sse",
      "akka.http.javadsl.model.ws",
      "akka.http.javadsl.settings",
      "akka.http.scaladsl",
      "akka.http.scaladsl.model",
      "akka.http.scaladsl.model.headers",
      "akka.http.scaladsl.model.sse",
      "akka.http.scaladsl.model.ws",
      "akka.http.scaladsl.settings",
      "akka.http.scaladsl.util"
    ],
    "com.typesafe.akka:akka-http-testkit_2.12": [
      "akka.http.javadsl.testkit",
      "akka.http.scaladsl.testkit"
    ],
    "com.typesafe.akka:akka-http_2.12": [
      "akka.http.impl.settings",
      "akka.http.javadsl.coding",
      "akka.http.javadsl.common",
      "akka.http.javadsl.marshalling",
      "akka.http.javadsl.marshalling.sse",
      "akka.http.javadsl.server",
      "akka.http.javadsl.server.directives",
      "akka.http.javadsl.settings",
      "akka.http.javadsl.unmarshalling",
      "akka.http.javadsl.unmarshalling.sse",
      "akka.http.scaladsl.client",
      "akka.http.scaladsl.coding",
      "akka.http.scaladsl.common",
      "akka.http.scaladsl.marshalling",
      "akka.http.scaladsl.marshalling.sse",
      "akka.http.scaladsl.server",
      "akka.http.scaladsl.server.directives",
      "akka.http.scaladsl.server.util",
      "akka.http.scaladsl.settings",
      "akka.http.scaladsl.unmarshalling",
      "akka.http.scaladsl.unmarshalling.sse"
    ],
    "com.typesafe.akka:akka-parsing_2.12": [
      "akka.http.ccompat",
      "akka.macros",
      "akka.parboiled2",
      "akka.parboiled2.support",
      "akka.parboiled2.util",
      "akka.shapeless",
      "akka.shapeless.ops",
      "akka.shapeless.syntax"
    ],
    "com.typesafe.akka:akka-protobuf_2.12": [
      "akka.protobuf"
    ],
    "com.typesafe.akka:akka-stream-testkit_2.12": [
      "akka.stream.testkit",
      "akka.stream.testkit.javadsl",
      "akka.stream.testkit.scaladsl"
    ],
    "com.typesafe.akka:akka-stream_2.12": [
      "akka.stream",
      "akka.stream.actor",
      "akka.stream.extra",
      "akka.stream.impl",
      "akka.stream.impl.fusing",
      "akka.stream.impl.io",
      "akka.stream.impl.io.compression",
      "akka.stream.impl.streamref",
      "akka.stream.javadsl",
      "akka.stream.scaladsl",
      "akka.stream.serialization",
      "akka.stream.snapshot",
      "akka.stream.stage",
      "com.typesafe.sslconfig.akka",
      "com.typesafe.sslconfig.akka.util"
    ],
    "com.typesafe.akka:akka-testkit_2.12": [
      "akka.testkit",
      "akka.testkit.javadsl"
    ],
    "com.typesafe.scala-logging:scala-logging_2.12": [
      "com.typesafe.scalalogging"
    ],
    "com.typesafe:config": [
      "com.typesafe.config",
      "com.typesafe.config.impl",
      "com.typesafe.config.parser"
    ],
    "com.typesafe:ssl-config-core_2.12": [
      "com.typesafe.sslconfig.ssl",
      "com.typesafe.sslconfig.ssl.debug",
      "com.typesafe.sslconfig.util"
    ],
    "net.bytebuddy:byte-buddy": [
      "net.bytebuddy",
      "net.bytebuddy.agent.builder",
      "net.bytebuddy.asm",
      "net.bytebuddy.build",
      "net.bytebuddy.description",
      "net.bytebuddy.description.annotation",
      "net.bytebuddy.description.enumeration",
      "net.bytebuddy.description.field",
      "net.bytebuddy.description.method",
      "net.bytebuddy.description.modifier",
      "net.bytebuddy.description.type",
      "net.bytebuddy.dynamic",
      "net.bytebuddy.dynamic.loading",
      "net.bytebuddy.dynamic.scaffold",
      "net.bytebuddy.dynamic.scaffold.inline",
      "net.bytebuddy.dynamic.scaffold.subclass",
      "net.bytebuddy.implementation",
      "net.bytebuddy.implementation.attribute",
      "net.bytebuddy.implementation.auxiliary",
      "net.bytebuddy.implementation.bind",
      "net.bytebuddy.implementation.bind.annotation",
      "net.bytebuddy.implementation.bytecode",
      "net.bytebuddy.implementation.bytecode.assign",
      "net.bytebuddy.implementation.bytecode.assign.primitive",
      "net.bytebuddy.implementation.bytecode.assign.reference",
      "net.bytebuddy.implementation.bytecode.collection",
      "net.bytebuddy.implementation.bytecode.constant",
      "net.bytebuddy.implementation.bytecode.member",
      "net.bytebuddy.jar.asm",
      "net.bytebuddy.jar.asm.commons",
      "net.bytebuddy.jar.asm.signature",
      "net.bytebuddy.matcher",
      "net.bytebuddy.pool",
      "net.bytebuddy.utility",
      "net.bytebuddy.utility.privilege",
      "net.bytebuddy.utility.visitor"
    ],
    "net.bytebuddy:byte-buddy-agent": [
      "net.bytebuddy.agent"
    ],
    "net.bytebuddy:byte-buddy:jar:sources": [
      "net.bytebuddy.build"
    ],
    "org.mockito:mockito-core": [
      "org.mockito",
      "org.mockito.codegen",
      "org.mockito.configuration",
      "org.mockito.creation.instance",
      "org.mockito.exceptions.base",
      "org.mockito.exceptions.misusing",
      "org.mockito.exceptions.stacktrace",
      "org.mockito.exceptions.verification",
      "org.mockito.exceptions.verification.junit",
      "org.mockito.exceptions.verification.opentest4j",
      "org.mockito.hamcrest",
      "org.mockito.internal",
      "org.mockito.internal.configuration",
      "org.mockito.internal.configuration.injection",
      "org.mockito.internal.configuration.injection.filter",
      "org.mockito.internal.configuration.injection.scanner",
      "org.mockito.internal.configuration.plugins",
      "org.mockito.internal.creation",
      "org.mockito.internal.creation.bytebuddy",
      "org.mockito.internal.creation.instance",
      "org.mockito.internal.creation.settings",
      "org.mockito.internal.creation.util",
      "org.mockito.internal.debugging",
      "org.mockito.internal.exceptions",
      "org.mockito.internal.exceptions.stacktrace",
      "org.mockito.internal.exceptions.util",
      "org.mockito.internal.framework",
      "org.mockito.internal.hamcrest",
      "org.mockito.internal.handler",
      "org.mockito.internal.invocation",
      "org.mockito.internal.invocation.finder",
      "org.mockito.internal.invocation.mockref",
      "org.mockito.internal.junit",
      "org.mockito.internal.junit.util",
      "org.mockito.internal.listeners",
      "org.mockito.internal.matchers",
      "org.mockito.internal.matchers.apachecommons",
      "org.mockito.internal.matchers.text",
      "org.mockito.internal.progress",
      "org.mockito.internal.reporting",
      "org.mockito.internal.runners",
      "org.mockito.internal.runners.util",
      "org.mockito.internal.session",
      "org.mockito.internal.stubbing",
      "org.mockito.internal.stubbing.answers",
      "org.mockito.internal.stubbing.defaultanswers",
      "org.mockito.internal.util",
      "org.mockito.internal.util.collections",
      "org.mockito.internal.util.concurrent",
      "org.mockito.internal.util.io",
      "org.mockito.internal.util.reflection",
      "org.mockito.internal.verification",
      "org.mockito.internal.verification.api",
      "org.mockito.internal.verification.argumentmatching",
      "org.mockito.internal.verification.checkers",
      "org.mockito.invocation",
      "org.mockito.junit",
      "org.mockito.listeners",
      "org.mockito.mock",
      "org.mockito.plugins",
      "org.mockito.quality",
      "org.mockito.runners",
      "org.mockito.session",
      "org.mockito.stubbing",
      "org.mockito.verification"
    ],
    "org.objenesis:objenesis": [
      "org.objenesis",
      "org.objenesis.instantiator",
      "org.objenesis.instantiator.android",
      "org.objenesis.instantiator.annotations",
      "org.objenesis.instantiator.basic",
      "org.objenesis.instantiator.gcj",
      "org.objenesis.instantiator.perc",
      "org.objenesis.instantiator.sun",
      "org.objenesis.instantiator.util",
      "org.objenesis.strategy"
    ],
    "org.reactivestreams:reactive-streams": [
      "org.reactivestreams"
    ],
    "org.scala-lang.modules:scala-java8-compat_2.12": [
      "scala.compat.java8",
      "scala.compat.java8.FunctionConverters",
      "scala.compat.java8.SpliteratorConverters",
      "scala.compat.java8.collectionImpl",
      "scala.compat.java8.converterImpl",
      "scala.compat.java8.functionConverterImpls",
      "scala.compat.java8.runtime",
      "scala.compat.java8.wrappers",
      "scala.concurrent.java8"
    ],
    "org.scala-lang.modules:scala-parser-combinators_2.12": [
      "scala.util.parsing.combinator",
      "scala.util.parsing.combinator.lexical",
      "scala.util.parsing.combinator.syntactical",
      "scala.util.parsing.combinator.token",
      "scala.util.parsing.input",
      "scala.util.parsing.json"
    ],
    "org.scala-lang.modules:scala-xml_2.12": [
      "scala.xml",
      "scala.xml.dtd",
      "scala.xml.dtd.impl",
      "scala.xml.factory",
      "scala.xml.include",
      "scala.xml.include.sax",
      "scala.xml.parsing",
      "scala.xml.persistent",
      "scala.xml.pull",
      "scala.xml.transform"
    ],
    "org.scala-lang:scala-library": [
      "scala",
      "scala.annotation",
      "scala.annotation.meta",
      "scala.annotation.unchecked",
      "scala.beans",
      "scala.collection",
      "scala.collection.concurrent",
      "scala.collection.convert",
      "scala.collection.generic",
      "scala.collection.immutable",
      "scala.collection.mutable",
      "scala.collection.parallel",
      "scala.collection.parallel.immutable",
      "scala.collection.parallel.mutable",
      "scala.collection.script",
      "scala.compat",
      "scala.concurrent",
      "scala.concurrent.duration",
      "scala.concurrent.forkjoin",
      "scala.concurrent.impl",
      "scala.io",
      "scala.math",
      "scala.ref",
      "scala.reflect",
      "scala.reflect.macros.internal",
      "scala.runtime",
      "scala.runtime.java8",
      "scala.sys",
      "scala.sys.process",
      "scala.text",
      "scala.util",
      "scala.util.control",
      "scala.util.hashing",
      "scala.util.matching"
    ],
    "org.scala-lang:scala-reflect": [
      "scala.reflect.api",
      "scala.reflect.internal",
      "scala.reflect.internal.annotations",
      "scala.reflect.internal.pickling",
      "scala.reflect.internal.settings",
      "scala.reflect.internal.tpe",
      "scala.reflect.internal.transform",
      "scala.reflect.internal.util",
      "scala.reflect.io",
      "scala.reflect.macros",
      "scala.reflect.macros.blackbox",
      "scala.reflect.macros.whitebox",
      "scala.reflect.runtime"
    ],
    "org.scalactic:scalactic_2.12": [
      "org.scalactic",
      "org.scalactic.anyvals",
      "org.scalactic.exceptions",
      "org.scalactic.source"
    ],
    "org.scalatest:scalatest-compatible": [
      "org.scalatest.compatible"
    ],
    "org.scalatest:scalatest-core_2.12": [
      "org.scalatest",
      "org.scalatest.concurrent",
      "org.scalatest.enablers",
      "org.scalatest.events",
      "org.scalatest.exceptions",
      "org.scalatest.fixture",
      "org.scalatest.prop",
      "org.scalatest.tagobjects",
      "org.scalatest.tags",
      "org.scalatest.time",
      "org.scalatest.tools",
      "org.scalatest.verbs"
    ],
    "org.scalatest:scalatest-wordspec_2.12": [
      "org.scalatest.wordspec"
    ],
    "org.scalaz:scalaz-concurrent_2.12": [
      "scalaz.concurrent"
    ],
    "org.scalaz:scalaz-core_2.12": [
      "scalaz",
      "scalaz.std",
      "scalaz.std.java",
      "scalaz.std.java.math",
      "scalaz.std.java.util",
      "scalaz.std.java.util.concurrent",
      "scalaz.std.math",
      "scalaz.syntax",
      "scalaz.syntax.std"
    ],
    "org.scalaz:scalaz-effect_2.12": [
      "scalaz.effect",
      "scalaz.std.effect",
      "scalaz.std.effect.sql",
      "scalaz.syntax.effect"
    ],
    "org.slf4j:slf4j-api": [
      "org.slf4j",
      "org.slf4j.event",
      "org.slf4j.helpers",
      "org.slf4j.spi"
    ],
    "org.slf4j:slf4j-simple": [
      "org.slf4j.impl"
    ],
    "org.typelevel:macro-compat_2.12": [
      "macrocompat"
    ]
  },
  "repositories": {
    "https://repo1.maven.org/maven2/": [
      "com.chuusai:shapeless_2.12",
      "com.chuusai:shapeless_2.12:jar:sources",
      "com.github.pureconfig:pureconfig-core_2.12",
      "com.github.pureconfig:pureconfig-core_2.12:jar:sources",
      "com.github.pureconfig:pureconfig-generic_2.12",
      "com.github.pureconfig:pureconfig-generic_2.12:jar:sources",
      "com.github.pureconfig:pureconfig-macros_2.12",
      "com.github.pureconfig:pureconfig-macros_2.12:jar:sources",
      "com.github.pureconfig:pureconfig_2.12",
      "com.github.pureconfig:pureconfig_2.12:jar:sources",
      "com.typesafe.akka:akka-actor_2.12",
      "com.typesafe.akka:akka-actor_2.12:jar:sources",
      "com.typesafe.akka:akka-http-core_2.12",
      "com.typesafe.akka:akka-http-core_2.12:jar:sources",
      "com.typesafe.akka:akka-http-testkit_2.12",
      "com.typesafe.akka:akka-http-testkit_2.12:jar:sources",
      "com.typesafe.akka:akka-http_2.12",
      "com.typesafe.akka:akka-http_2.12:jar:sources",
      "com.typesafe.akka:akka-parsing_2.12",
      "com.typesafe.akka:akka-parsing_2.12:jar:sources",
      "com.typesafe.akka:akka-protobuf_2.12",
      "com.typesafe.akka:akka-protobuf_2.12:jar:sources",
      "com.typesafe.akka:akka-stream-testkit_2.12",
      "com.typesafe.akka:akka-stream-testkit_2.12:jar:sources",
      "com.typesafe.akka:akka-stream_2.12",
      "com.typesafe.akka:akka-stream_2.12:jar:sources",
      "com.typesafe.akka:akka-testkit_2.12",
      "com.typesafe.akka:akka-testkit_2.12:jar:sources",
      "com.typesafe.scala-logging:scala-logging_2.12",
      "com.typesafe.scala-logging:scala-logging_2.12:jar:sources",
      "com.typesafe:config",
      "com.typesafe:config:jar:sources",
      "com.typesafe:ssl-config-core_2.12",
      "com.typesafe:ssl-config-core_2.12:jar:sources",
      "net.bytebuddy:byte-buddy",
      "net.bytebuddy:byte-buddy-agent",
      "net.bytebuddy:byte-buddy-agent:jar:sources",
      "net.bytebuddy:byte-buddy:jar:sources",
      "org.mockito:mockito-core",
      "org.mockito:mockito-core:jar:sources",
      "org.objenesis:objenesis",
      "org.objenesis:objenesis:jar:sources",
      "org.reactivestreams:reactive-streams",
      "org.reactivestreams:reactive-streams:jar:sources",
      "org.scala-lang.modules:scala-java8-compat_2.12",
      "org.scala-lang.modules:scala-java8-compat_2.12:jar:sources",
      "org.scala-lang.modules:scala-parser-combinators_2.12",
      "org.scala-lang.modules:scala-parser-combinators_2.12:jar:sources",
      "org.scala-lang.modules:scala-xml_2.12",
      "org.scala-lang.modules:scala-xml_2.12:jar:sources",
      "org.scala-lang:scala-library",
      "org.scala-lang:scala-library:jar:sources",
      "org.scala-lang:scala-reflect",
      "org.scala-lang:scala-reflect:jar:sources",
      "org.scalactic:scalactic_2.12",
      "org.scalactic:scalactic_2.12:jar:sources",
      "org.scalatest:scalatest-compatible",
      "org.scalatest:scalatest-compatible:jar:sources",
      "org.scalatest:scalatest-core_2.12",
      "org.scalatest:scalatest-core_2.12:jar:sources",
      "org.scalatest:scalatest-wordspec_2.12",
      "org.scalatest:scalatest-wordspec_2.12:jar:sources",
      "org.scalaz:scalaz-concurrent_2.12",
      "org.scalaz:scalaz-concurrent_2.12:jar:sources",
      "org.scalaz:scalaz-core_2.12",
      "org.scalaz:scalaz-core_2.12:jar:sources",
      "org.scalaz:scalaz-effect_2.12",
      "org.scalaz:scalaz-effect_2.12:jar:sources",
      "org.slf4j:slf4j-api",
      "org.slf4j:slf4j-api:jar:sources",
      "org.slf4j:slf4j-simple",
      "org.slf4j:slf4j-simple:jar:sources",
      "org.typelevel:macro-compat_2.12",
      "org.typelevel:macro-compat_2.12:jar:sources"
    ]
  },
  "version": "2"
}
