{
  "__AUTOGENERATED_FILE_DO_NOT_MODIFY_THIS_FILE_MANUALLY": "THERE_IS_NO_DATA_ONLY_ZUUL",
  "__INPUT_ARTIFACTS_HASH": 126045399,
  "__RESOLVED_ARTIFACTS_HASH": 246607592,
  "artifacts": {
    "org.apiguardian:apiguardian-api": {
      "shasums": {
        "jar": "b509448ac506d607319f182537f0b35d71007582ec741832a1f111e5b5b70b38"
      },
      "version": "1.1.2"
    },
    "org.junit.jupiter:junit-jupiter-api": {
      "shasums": {
        "jar": "42aa202fc862f76cc5af65b47b1c0b1961cdd79cd2216405a6dfa2bd20b20974"
      },
      "version": "5.11.0"
    },
    "org.junit.platform:junit-platform-commons": {
      "shasums": {
        "jar": "609333a4545f9018eb0c59071efd30663a9e9fdce528121b65a04c27e5fc26a7"
      },
      "version": "1.11.0"
    },
    "org.opentest4j:opentest4j": {
      "shasums": {
        "jar": "48e2df636cab6563ced64dcdff8abb2355627cb236ef0bf37598682ddf742f1b"
      },
      "version": "1.3.0"
    }
  },
  "dependencies": {
    "org.junit.jupiter:junit-jupiter-api": [
      "org.apiguardian:apiguardian-api",
      "org.junit.platform:junit-platform-commons",
      "org.opentest4j:opentest4j"
    ],
    "org.junit.platform:junit-platform-commons": [
      "org.apiguardian:apiguardian-api"
    ]
  },
  "packages": {
    "org.apiguardian:apiguardian-api": [
      "org.apiguardian.api"
    ],
    "org.junit.jupiter:junit-jupiter-api": [
      "org.junit.jupiter.api",
      "org.junit.jupiter.api.condition",
      "org.junit.jupiter.api.extension",
      "org.junit.jupiter.api.extension.support",
      "org.junit.jupiter.api.function",
      "org.junit.jupiter.api.io",
      "org.junit.jupiter.api.parallel"
    ],
    "org.junit.platform:junit-platform-commons": [
      "org.junit.platform.commons",
      "org.junit.platform.commons.annotation",
      "org.junit.platform.commons.function",
      "org.junit.platform.commons.logging",
      "org.junit.platform.commons.support",
      "org.junit.platform.commons.support.conversion",
      "org.junit.platform.commons.util"
    ],
    "org.opentest4j:opentest4j": [
      "org.opentest4j"
    ]
  },
  "repositories": {
    "https://repo1.maven.org/maven2/": [
      "org.apiguardian:apiguardian-api",
      "org.junit.jupiter:junit-jupiter-api",
      "org.junit.platform:junit-platform-commons",
      "org.opentest4j:opentest4j"
    ]
  },
  "services": {},
  "skipped": [],
  "version": "2"
}
