{
  "__AUTOGENERATED_FILE_DO_NOT_MODIFY_THIS_FILE_MANUALLY": "THERE_IS_NO_DATA_ONLY_ZUUL",
  "__INPUT_ARTIFACTS_HASH": -200671778,
  "__RESOLVED_ARTIFACTS_HASH": -1275115130,
  "conflict_resolution": {
    "com.google.errorprone:error_prone_annotations:2.23.0": "com.google.errorprone:error_prone_annotations:2.24.1"
  },
  "artifacts": {
    "com.beust:jcommander": {
      "shasums": {
        "jar": "deeac157c8de6822878d85d0c7bc8467a19cc8484d37788f7804f039dde280b1",
        "sources": "cc39d22f3cf29c2033fb526e5600ae8fec36e316274b0c07fa14c1a4a38eca3b"
      },
      "version": "1.82"
    },
    "com.google.auto.service:auto-service": {
      "shasums": {
        "jar": "88d469a5392dc2a292dfa20432591a584c29fae417cfd88b72620f35ec795acf",
        "sources": "704a261cdd500ac47636d09b92a3a2b75f3b9484a3ce8fc3b08f66574fc1fbb2"
      },
      "version": "1.0.1"
    },
    "com.google.auto.service:auto-service-annotations": {
      "shasums": {
        "jar": "c7bec54b7b5588b5967e870341091c5691181d954cf2039f1bf0a6eeb837473b",
        "sources": "b013ca159b0fea3a0041d3d5fbb3b7e49a819da80a172a01fb17dd28fd98e72b"
      },
      "version": "1.0.1"
    },
    "com.google.auto.value:auto-value-annotations": {
      "shasums": {
        "jar": "e1c45e6beadaef9797cb0d9afd5a45621ad061cd8632012f85582853a3887825",
        "sources": "61a433f015b12a6cf4ecff227c7748486ff8f294ffe9d39827b382ade0514d0a"
      },
      "version": "1.10.4"
    },
    "com.google.auto:auto-common": {
      "shasums": {
        "jar": "326d674b411ea67505273f9ade5311c15bca50644b5211a6c309c9aee590a20a",
        "sources": "5ed509e12f9bf2c90dc5c26e4e94eb97a7e747c59ad527b018b9567b398b56b1"
      },
      "version": "1.2"
    },
    "com.google.code.findbugs:jsr305": {
      "shasums": {
        "jar": "766ad2a0783f2687962c8ad74ceecc38a28b9f72a2d085ee438b7813e928d0c7",
        "sources": "1c9e85e272d0708c6a591dc74828c71603053b48cc75ae83cce56912a2aa063b"
      },
      "version": "3.0.2"
    },
    "com.google.code.gson:gson": {
      "shasums": {
        "jar": "4241c14a7727c34feea6507ec801318a3d4a90f070e4525681079fb94ee4c593",
        "sources": "eee1cc5c1f4267ee194cc245777e68084738ef390acd763354ce0ff6bfb7bcc1"
      },
      "version": "2.10.1"
    },
    "com.google.errorprone:error_prone_annotations": {
      "shasums": {
        "jar": "19fe2f7155d20ea093168527999da98108103ee546d1e8b726bc4b27c31a3c30",
        "sources": "d0d63b507b92b36d38d938e96daf260baa55e739fe9e0d642519b8fac823d288"
      },
      "version": "2.24.1"
    },
    "com.google.guava:failureaccess": {
      "shasums": {
        "jar": "a171ee4c734dd2da837e4b16be9df4661afab72a41adaf31eb84dfdaf936ca26",
        "sources": "092346eebbb1657b51aa7485a246bf602bb464cc0b0e2e1c7e7201fadce1e98f"
      },
      "version": "1.0.1"
    },
    "com.google.guava:guava": {
      "shasums": {
        "jar": "a42edc9cab792e39fe39bb94f3fca655ed157ff87a8af78e1d6ba5b07c4a00ab",
        "sources": "8ab1853cdaf936ec88be80c17302b7c20abafbd4f54d4fb54d7011c529e3a44a"
      },
      "version": "31.1-jre"
    },
    "com.google.guava:listenablefuture": {
      "shasums": {
        "jar": "b372a037d4230aa57fbeffdef30fd6123f9c0c2db85d0aced00c91b974f33f99"
      },
      "version": "9999.0-empty-to-avoid-conflict-with-guava"
    },
    "com.google.j2objc:j2objc-annotations": {
      "shasums": {
        "jar": "f02a95fa1a5e95edb3ed859fd0fb7df709d121a35290eff8b74dce2ab7f4d6ed",
        "sources": "7413eed41f111453a08837f5ac680edded7faed466cbd35745e402e13f4cc3f5"
      },
      "version": "2.8"
    },
    "com.google.protobuf:protobuf-java": {
      "shasums": {
        "jar": "becb817df6e8a1a8de2bf5ff0157fa008f23ac037ab30b7ed5cd43662be145d5",
        "sources": "b2d6164a8601c83c15edbd79f4967a39e065110111213561350663521ccf5bb4"
      },
      "version": "4.27.2"
    },
    "com.google.protobuf:protobuf-java-util": {
      "shasums": {
        "jar": "a2665294d3e4675482bde593df8283f8c965f0207785e8e9b223f790644f5b08",
        "sources": "8f318bde0b3b68fb7df0760bf5d818dd7ebcd553155d9be93b4fed373e659847"
      },
      "version": "4.27.2"
    },
    "com.google.truth:truth": {
      "shasums": {
        "jar": "235c28e96ee6701ab01cc852fb294cb0f34756f636a8154b9aef08fb1215bbc4",
        "sources": "f2834e7abdd08f5ab31defe409f601e0863b31f3f47105ab3c5ae8df4a687318"
      },
      "version": "1.4.0"
    },
    "com.sun.activation:jakarta.activation": {
      "shasums": {
        "jar": "02156773e4ae9d048d14a56ad35d644bee9f1052a791d072df3ded3c656e6e1a",
        "sources": "f8f52ce9df5d5d29c1778183d48214624caa36be202a7eff2cef5a0519f2aa53"
      },
      "version": "1.2.2"
    },
    "com.typesafe.netty:netty-reactive-streams": {
      "shasums": {
        "jar": "eafc52d500b49e891db095ee7baac0420aea8a97015ab7671ba1f1ccabf799d2",
        "sources": "76df17cc7c4fac9c470e557b5cca224df51ba878ec9fd3fd8f0f89878cbf98ab"
      },
      "version": "2.0.4"
    },
    "dev.failsafe:failsafe": {
      "shasums": {
        "jar": "afa786e3e4191ca995838fbfa71d68fcc25ea6c3b3b125e001c96718108400c1",
        "sources": "cac5bc2c38d5fa5ec82df58bf85318b8acb4a88d6f81cb6b776d7ea2e749b59c"
      },
      "version": "3.2.4"
    },
    "io.netty:netty-buffer": {
      "shasums": {
        "jar": "7730bbdb434b91b45474ae3c534948e42d1f1639bdab06a807d58019f56ca149",
        "sources": "f242981c4ad40c53eb8cda44ba4e527f434585831bdf3751e5be8bc01fc0eb21"
      },
      "version": "4.1.78.Final"
    },
    "io.netty:netty-codec": {
      "shasums": {
        "jar": "e2c6491c204834906f46611c1570f703670b8a5c829514715d3f633e03978e1d",
        "sources": "9f98018d4dcd4913511ec47a6e783417d29c722611047916ac32dd6b9959b6df"
      },
      "version": "4.1.78.Final"
    },
    "io.netty:netty-codec-http": {
      "shasums": {
        "jar": "1b57c80b67fe5777271acba052053fa679edb3600abf8610526306c88d04cb06",
        "sources": "c895ccf57f27d267188184d34213083ce74a3ac2147583fa6102ca34f9da9ef7"
      },
      "version": "4.1.78.Final"
    },
    "io.netty:netty-codec-socks": {
      "shasums": {
        "jar": "76bfb4306c67fc25ce6a817ef5ffb0cebc9250506a685fa6ec06052848c14efd",
        "sources": "d7bbdad28071cd6dca08cd26d517e4986e2a7225e0d413fd29d27fecba530501"
      },
      "version": "4.1.60.Final"
    },
    "io.netty:netty-common": {
      "shasums": {
        "jar": "84fe17e97335492a24d85e2da9f9bea996ab2c3c4d0fcfc1d997f9613393d917",
        "sources": "766b51129b6b9622cc90d14a62976a98a71c678ed47eea670aea603be2b7f78f"
      },
      "version": "4.1.78.Final"
    },
    "io.netty:netty-handler": {
      "shasums": {
        "jar": "04f40a6159418397348d56a9c45343d4bbbfa1711d864a10a131d4373484f131",
        "sources": "0d7afc3f4de41cb6a5f40e7af61c7cbd24bb589ab9556f24a7166b037199fc74"
      },
      "version": "4.1.78.Final"
    },
    "io.netty:netty-handler-proxy": {
      "shasums": {
        "jar": "7c797450f50a5bc549bade856e91f4bed95cc6396e85b720efbaab133b13b5d5",
        "sources": "d671846dc1a2ae30fef6cfdecb877e7a4f92e29e101d173160b71f7c3980579a"
      },
      "version": "4.1.60.Final"
    },
    "io.netty:netty-resolver": {
      "shasums": {
        "jar": "4f592ceb0f5f72f1908a3d1c842ee583ab46fdb3133bf2bec3676fbe6a680bce",
        "sources": "1f15d707f22db5abdda4cd43be0392baedfcc297c3f697e4a38df1d855ccc92b"
      },
      "version": "4.1.78.Final"
    },
    "io.netty:netty-transport": {
      "shasums": {
        "jar": "153ee99931f6d6ba8a6d66d74cbb73371bd46c546b0707d7d37af1264a3deaf2",
        "sources": "290b68d280718f53ff8269ce47226df87456d79f3926768c4eeaa58be4d95e18"
      },
      "version": "4.1.78.Final"
    },
    "io.netty:netty-transport-classes-epoll": {
      "shasums": {
        "jar": "ddb9f8836810e1df196ede6ebfe2f86839160fc5021c386086e1bb659bcddd00",
        "sources": "158b58bec686e850a812533934ac0d452289efa1845f5bbeb3eb52d12e78742e"
      },
      "version": "4.1.78.Final"
    },
    "io.netty:netty-transport-classes-kqueue": {
      "shasums": {
        "jar": "2c093e36268640ff6034328e4774a04069a1c2410200d76fb814aa74b7dc393d",
        "sources": "015ba1a87b5d4310c6f66ddc0dc0479ab1fe60d355d373f313457c12cec0c43a"
      },
      "version": "4.1.78.Final"
    },
    "io.netty:netty-transport-native-epoll": {
      "shasums": {
        "jar": "0da0f9d60b7ee800bb3f2f8d66ac7f60ce661a2664bbdb894d1349637d73908a",
        "sources": "f9772dae3cc064318c033b5b3c35856764ae0fe0617410c08869930676e65eaf"
      },
      "version": "4.1.78.Final"
    },
    "io.netty:netty-transport-native-kqueue": {
      "shasums": {
        "jar": "8f06a5af5f5c0564cba47fe65ae6e44675621732dadc7eff34d803f62e506aed",
        "sources": "995c41576c68bd7f7335405a2e23a904ebdc1992a9bf79d0319225ac61e85771"
      },
      "version": "4.1.78.Final"
    },
    "io.netty:netty-transport-native-unix-common": {
      "shasums": {
        "jar": "75555605c23592223b10b157409c00c9127205dd7bee093c1ac244fc71fdcc06",
        "sources": "897222e261968df5db35554e61d00a62c944f110f8c569eb8d211ddce1467f97"
      },
      "version": "4.1.78.Final"
    },
    "io.opentelemetry:opentelemetry-api": {
      "shasums": {
        "jar": "838d4373d43a130fd90effa17020482e18f95096d2de05b977910916061f3241",
        "sources": "074788c49be9c3c2d080fc374abda3d2edaf44fd8628dbeb2029e5af37cc1e87"
      },
      "version": "1.16.0"
    },
    "io.opentelemetry:opentelemetry-context": {
      "shasums": {
        "jar": "875251e91f6cdc922021614ce245d2a0d8186797a9671994b2ec9f815cc77e82",
        "sources": "e6c0f7c2a48a3a237662ba80cde207ecdd3d144c5289e9ada29707f9417c1b2c"
      },
      "version": "1.16.0"
    },
    "io.opentelemetry:opentelemetry-exporter-logging": {
      "shasums": {
        "jar": "35d92936eb2f3ee93f95588bd0d305cc53851b1ead4ffa0aa5c5a646adf70ebc",
        "sources": "761020ece50e4799ab29f5d87cf54dd28059ceee7410af109dddf2cc4ac329f0"
      },
      "version": "1.16.0"
    },
    "io.opentelemetry:opentelemetry-sdk": {
      "shasums": {
        "jar": "f9be94953f682469d5a81db21a6f5abf3f4740ab77af503b5d3d2d3ef2406a11",
        "sources": "6db02cc18e6cbda3d49e58bb370ec20755af12a90e53aa1aef3880cd4e147c76"
      },
      "version": "1.16.0"
    },
    "io.opentelemetry:opentelemetry-sdk-common": {
      "shasums": {
        "jar": "2c9c7e50a5b1dfb36b008173961aad8e0f03d2675d7b503fded09c0611e6d4e6",
        "sources": "4ae838d10295663f2bb5808df0fc577c41f751dab9f9ceceb2119241c0a02d02"
      },
      "version": "1.16.0"
    },
    "io.opentelemetry:opentelemetry-sdk-extension-autoconfigure": {
      "shasums": {
        "jar": "5bcdd5d48aa1e1328d628c5a93859b8667b75ee9bac8f75fb96ea343737b02f9",
        "sources": "5efa8c757123403550105369abf99df3a1899c3caba021afc56d3e37eed256e7"
      },
      "version": "1.16.0-alpha"
    },
    "io.opentelemetry:opentelemetry-sdk-extension-autoconfigure-spi": {
      "shasums": {
        "jar": "f5ad13fbd4d074727e8897d3a2032bc8a22abafd5a383d7ee67074e19432f0bd",
        "sources": "0c61a2c461bbb17d879e92e64227d2607fea6e09d4203cda2b40ab2c10f960b0"
      },
      "version": "1.16.0"
    },
    "io.opentelemetry:opentelemetry-sdk-logs": {
      "shasums": {
        "jar": "931528d51d8fbebadd69187ad305637caf1cf5d9271de26e4163feb24b120e57",
        "sources": "d74bc2b936d3498309590ea1b2d7cd12f2ef5b664db5d9594f4e78a23b5d668b"
      },
      "version": "1.16.0-alpha"
    },
    "io.opentelemetry:opentelemetry-sdk-metrics": {
      "shasums": {
        "jar": "3ec0e293194c629ecde2822bcf01629daf5bc3f8465af53009b9c4fd8093e56d",
        "sources": "0910193dc7ed491b081f84e00e5a5ab58b57922313482889e1d55cd4cdbcb70d"
      },
      "version": "1.16.0"
    },
    "io.opentelemetry:opentelemetry-sdk-trace": {
      "shasums": {
        "jar": "8bbbd0344286c137a535595f423e34f6e3bc02149f8d4dc12687d77466289886",
        "sources": "386bc91732030c27ec7c296e5174094fa853daba97f31ab4bc9d5cf2f6037088"
      },
      "version": "1.16.0"
    },
    "io.opentelemetry:opentelemetry-semconv": {
      "shasums": {
        "jar": "a18eda726d99749e4fc43a6e8159cf4c55b8357bd354f2c3e8866692c3e165c1",
        "sources": "4ac03c275aca2eae95d180a6aa28ecfb002bc0f585aae1a2e6ae88268beb88e7"
      },
      "version": "1.16.0-alpha"
    },
    "io.ous:jtoml": {
      "shasums": {
        "jar": "3cabdae2244c999addebb8c31ae452fbdc874b4f26a163539954b8eeb5d6acc6",
        "sources": "f479f2acdf7a362dc86a5c9310ddaec7b34a87f0a8a6f46dde41c1069b2a2138"
      },
      "version": "2.0.0"
    },
    "junit:junit": {
      "shasums": {
        "jar": "8e495b634469d64fb8acfa3495a065cbacc8a0fff55ce1e31007be4c16dc57d3",
        "sources": "34181df6482d40ea4c046b063cb53c7ffae94bdf1b1d62695bdf3adf9dea7e3a"
      },
      "version": "4.13.2"
    },
    "net.bytebuddy:byte-buddy": {
      "shasums": {
        "jar": "e99761a526df0fefbbd3fe14436b0f953000cdfa5151dc63c0b18d37d9c46f1c",
        "sources": "143dd9fe73f0566cc703934b7fd15abbb97bfab045064c2f176067e70456a136"
      },
      "version": "1.14.5"
    },
    "net.bytebuddy:byte-buddy-agent": {
      "shasums": {
        "jar": "55f19862b870f5d85890ba5386b1b45e9bbc88d5fe1f819abe0c788b4929fa6b",
        "sources": "8844d4b130218aa87e0f6b99f9a9b40971b45a95f44a0dfd409038c46631cb5b"
      },
      "version": "1.14.5"
    },
    "org.apache.commons:commons-exec": {
      "shasums": {
        "jar": "cb49812dc1bfb0ea4f20f398bcae1a88c6406e213e67f7524fb10d4f8ad9347b",
        "sources": "c121d8e70010092bafc56f358e7259ac484653db595aafea1e67a040f51aea66"
      },
      "version": "1.3"
    },
    "org.asynchttpclient:async-http-client": {
      "shasums": {
        "jar": "107a4ace7a3586f8e8a027c6d7e9933c9ae56eeb1a6df347eed2e7b552e4e5ed",
        "sources": "fd7d5e61cb6e5adbb06c14b72c10c88e18ebfaf22d401a521eae14123b537900"
      },
      "version": "2.12.3"
    },
    "org.asynchttpclient:async-http-client-netty-utils": {
      "shasums": {
        "jar": "e0bb76bbca0c85c68cab25dbed7989b00db5da8627cf69258f398d7d89bc9067",
        "sources": "0b66a2867a3e4ea1e101e64d961d677bc6fbbbefa462b8fac461ef9101bec435"
      },
      "version": "2.12.3"
    },
    "org.checkerframework:checker-qual": {
      "shasums": {
        "jar": "ccaedd33af0b7894d9f2f3b644f4d19e43928e32902e61ac4d10777830f5aac7",
        "sources": "efb65eb479f61f53c6dcafbd42ed59dad09b0a0d5a7f44b7bc68df25c2dcf8fd"
      },
      "version": "3.42.0"
    },
    "org.hamcrest:hamcrest-core": {
      "shasums": {
        "jar": "66fdef91e9739348df7a096aa384a5685f4e875584cce89386a7a47251c4d8e9",
        "sources": "e223d2d8fbafd66057a8848cc94222d63c3cedd652cc48eddc0ab5c39c0f84df"
      },
      "version": "1.3"
    },
    "org.mockito:mockito-core": {
      "shasums": {
        "jar": "b1689b06617ea01fd777bfaedbdde512faf083d639a049f79b388d5a4e96d2e5",
        "sources": "f21eb1cbb701477ba37c430b5a97ba78e3b3cf79a5737443e06b3f65bd7c9364"
      },
      "version": "5.4.0"
    },
    "org.objenesis:objenesis": {
      "shasums": {
        "jar": "02dfd0b0439a5591e35b708ed2f5474eb0948f53abf74637e959b8e4ef69bfeb",
        "sources": "d06164f8ca002c8ef193cef2d682822014dd330505616af93a3fb64226fc131d"
      },
      "version": "3.3"
    },
    "org.ow2.asm:asm": {
      "shasums": {
        "jar": "3c6fac2424db3d4a853b669f4e3d1d9c3c552235e19a319673f887083c2303a1",
        "sources": "2b6e12f0da3d065ba628a024a8851ab0d5b5d3501dacfcc18769243250f4f77e"
      },
      "version": "9.6"
    },
    "org.reactivestreams:reactive-streams": {
      "shasums": {
        "jar": "1dee0481072d19c929b623e155e14d2f6085dc011529a0a0dbefc84cf571d865",
        "sources": "d5b4070a22c9b1ca5b9b5aa668466bcca391dbe5d5fe8311c300765c1621feba"
      },
      "version": "1.0.3"
    },
    "org.seleniumhq.selenium:selenium-api": {
      "shasums": {
        "jar": "fc21a1f1cc98d67fd2f19624d7698e2580a56ec286e566a9966d7a3db65788b9",
        "sources": "e60729118543c40b804f923b25f9ed17b202062eecc15bae2f09b447cdafc69c"
      },
      "version": "4.4.0"
    },
    "org.seleniumhq.selenium:selenium-chrome-driver": {
      "shasums": {
        "jar": "94413b68cbbd21baa84a45e2e09958bcbb11960fd65baa6a98b9146d4db2aa62",
        "sources": "17911819e3bce264d38598e9b3df3e5f18a8b5d14d2878cd119933e313fbb6c0"
      },
      "version": "4.4.0"
    },
    "org.seleniumhq.selenium:selenium-chromium-driver": {
      "shasums": {
        "jar": "2fe69252fcf450e753252f3aad30cc75072ffc078337b2c3f4c973f8622d361b",
        "sources": "a8033c135ceec1677d5d6b0f7eb291dfdbb216de6c3b2ff6f98a1930cc6fd77b"
      },
      "version": "4.4.0"
    },
    "org.seleniumhq.selenium:selenium-devtools-v102": {
      "shasums": {
        "jar": "e3d0ce51b9393cfe25204042926e6e955fe9edeaf33ef650296e443b6f238a36",
        "sources": "0f32449e67ab32a16d4cbb3fdbe5b7ac7eab98b3dd8abc9746d3501f4c0f2377"
      },
      "version": "4.4.0"
    },
    "org.seleniumhq.selenium:selenium-devtools-v103": {
      "shasums": {
        "jar": "4a7e22a0d77cf2285f2eecd534eb8aa82e06529ce6aaf9c2e1c3eb3f1671ea92",
        "sources": "d73102dac63ecb1fcf84a98c2bb49b66d2ca17a019fd7c6ef328f55260faeac2"
      },
      "version": "4.4.0"
    },
    "org.seleniumhq.selenium:selenium-devtools-v104": {
      "shasums": {
        "jar": "d72ff656c8a5093e08c079582e5fc1fcd8ddb9c517f44c08d8636c9b23bd3569",
        "sources": "46e1f9d438aeb1f50fc0f01627153ed6dbc948d9c40176a6179b5480cdfca110"
      },
      "version": "4.4.0"
    },
    "org.seleniumhq.selenium:selenium-devtools-v85": {
      "shasums": {
        "jar": "6cdb960015e389187ec2fddc2643efccb7ee4e8bc133c772816e4cc58e36d43c",
        "sources": "33ff578e341f2c7783e9b85e5240da3d6f6d32b4c82ad8d9ccd726ebdaa22690"
      },
      "version": "4.4.0"
    },
    "org.seleniumhq.selenium:selenium-edge-driver": {
      "shasums": {
        "jar": "e8059a40435520457f5f5c55b0aaa766f7e24c9177197ac78603f30cfc230666",
        "sources": "f8ffef3aa0fea856e2ce5c736fc16012c7317c83491f0fab985e585b9f694f80"
      },
      "version": "4.4.0"
    },
    "org.seleniumhq.selenium:selenium-firefox-driver": {
      "shasums": {
        "jar": "4dd437c91534592d72493a4c3f043cb1945528271815e3ac41c41ad69f7f577d",
        "sources": "8189c73c2286dda0559278ac2ab0cd9e24ae201b80810037c700467ec5dd9e06"
      },
      "version": "4.4.0"
    },
    "org.seleniumhq.selenium:selenium-http": {
      "shasums": {
        "jar": "30a3f24f3ebafa69ae64340929358a923c0ac1c83402e0c61035db8edb17d0a2",
        "sources": "8904cf619591b254f1343d6678356188943cfff3cdf44e0ddae5cf88f2339e18"
      },
      "version": "4.4.0"
    },
    "org.seleniumhq.selenium:selenium-ie-driver": {
      "shasums": {
        "jar": "1c441419b9716075579ab6234e840df27dc92d8f7f77c6f347ff562379023bdd",
        "sources": "79428aaca00847e4c98aed87da32f627c53a719524d6359296f787f481739774"
      },
      "version": "4.4.0"
    },
    "org.seleniumhq.selenium:selenium-java": {
      "shasums": {
        "jar": "1739a02cd204c4f7c80dfcbde47cffe751f9b8cb23f87779b4a3245e4e165b22",
        "sources": "9f88405b3389a2fc675b5e209a463b62c9e10365dccd6caea3c6eac1c2e9d25b"
      },
      "version": "4.4.0"
    },
    "org.seleniumhq.selenium:selenium-json": {
      "shasums": {
        "jar": "9c281aa0f4ec8c763033a744bd880b879a8d6311a47e34ecb393363017b51efa",
        "sources": "d8ae66f7a4c33d67fe27c11c85b140050309ee46259623387453c9008b7e97d5"
      },
      "version": "4.4.0"
    },
    "org.seleniumhq.selenium:selenium-opera-driver": {
      "shasums": {
        "jar": "7b26996264194706a4970955b43ad3474c70840984d4d14d58dbeda0d498a41b",
        "sources": "f4219b3a69b4d7665f20717bacf0aecbb57d79f8fe7df58a0ea0248c8c71f91c"
      },
      "version": "4.4.0"
    },
    "org.seleniumhq.selenium:selenium-remote-driver": {
      "shasums": {
        "jar": "f535697ba551efd69ab4bf21ebf99b48dedd499992adc964aab742f9deaab370",
        "sources": "9a70213a8205d328d498c2272cb1e027772fdf725fb7933e6030b6af4e45fc7e"
      },
      "version": "4.4.0"
    },
    "org.seleniumhq.selenium:selenium-safari-driver": {
      "shasums": {
        "jar": "bb5a7342e91577ad9736e32afd58ab0ee57e983b96f188bdf005b5425e90bbdf",
        "sources": "f57b358a2151d9a7407622e84595e7145f27f4a3ae82fb406de63f12482a384e"
      },
      "version": "4.4.0"
    },
    "org.seleniumhq.selenium:selenium-support": {
      "shasums": {
        "jar": "7882d7a73c163804d8b49ffe1309d165fcb2bd914d5d3d2caa3fdcf95f4fc1e2",
        "sources": "c47f65e77e674250b5b51f55a2a1743ebd587aa9fdc43064ca85b81d7d58b95e"
      },
      "version": "4.4.0"
    },
    "org.slf4j:slf4j-api": {
      "shasums": {
        "jar": "cdba07964d1bb40a0761485c6b1e8c2f8fd9eb1d19c53928ac0d7f9510105c57",
        "sources": "9ee459644577590fed7ea94afae781fa3cc9311d4553faee8a3219ffbd7cc386"
      },
      "version": "1.7.30"
    }
  },
  "dependencies": {
    "com.google.auto.service:auto-service": [
      "com.google.auto.service:auto-service-annotations",
      "com.google.auto:auto-common",
      "com.google.guava:guava"
    ],
    "com.google.auto:auto-common": [
      "com.google.guava:guava"
    ],
    "com.google.guava:guava": [
      "com.google.errorprone:error_prone_annotations",
      "com.google.guava:failureaccess",
      "com.google.guava:listenablefuture",
      "com.google.j2objc:j2objc-annotations",
      "org.checkerframework:checker-qual"
    ],
    "com.google.protobuf:protobuf-java-util": [
      "com.google.code.findbugs:jsr305",
      "com.google.code.gson:gson",
      "com.google.errorprone:error_prone_annotations",
      "com.google.guava:guava",
      "com.google.j2objc:j2objc-annotations",
      "com.google.protobuf:protobuf-java"
    ],
    "com.google.truth:truth": [
      "com.google.auto.value:auto-value-annotations",
      "com.google.errorprone:error_prone_annotations",
      "com.google.guava:guava",
      "junit:junit",
      "org.checkerframework:checker-qual",
      "org.ow2.asm:asm"
    ],
    "com.typesafe.netty:netty-reactive-streams": [
      "io.netty:netty-handler",
      "org.reactivestreams:reactive-streams"
    ],
    "io.netty:netty-buffer": [
      "io.netty:netty-common"
    ],
    "io.netty:netty-codec": [
      "io.netty:netty-buffer",
      "io.netty:netty-common",
      "io.netty:netty-transport"
    ],
    "io.netty:netty-codec-http": [
      "io.netty:netty-buffer",
      "io.netty:netty-codec",
      "io.netty:netty-common",
      "io.netty:netty-handler",
      "io.netty:netty-transport"
    ],
    "io.netty:netty-codec-socks": [
      "io.netty:netty-buffer",
      "io.netty:netty-codec",
      "io.netty:netty-common",
      "io.netty:netty-transport"
    ],
    "io.netty:netty-handler": [
      "io.netty:netty-buffer",
      "io.netty:netty-codec",
      "io.netty:netty-common",
      "io.netty:netty-resolver",
      "io.netty:netty-transport",
      "io.netty:netty-transport-native-unix-common"
    ],
    "io.netty:netty-handler-proxy": [
      "io.netty:netty-buffer",
      "io.netty:netty-codec",
      "io.netty:netty-codec-http",
      "io.netty:netty-codec-socks",
      "io.netty:netty-common",
      "io.netty:netty-transport"
    ],
    "io.netty:netty-resolver": [
      "io.netty:netty-common"
    ],
    "io.netty:netty-transport": [
      "io.netty:netty-buffer",
      "io.netty:netty-common",
      "io.netty:netty-resolver"
    ],
    "io.netty:netty-transport-classes-epoll": [
      "io.netty:netty-buffer",
      "io.netty:netty-common",
      "io.netty:netty-transport",
      "io.netty:netty-transport-native-unix-common"
    ],
    "io.netty:netty-transport-classes-kqueue": [
      "io.netty:netty-buffer",
      "io.netty:netty-common",
      "io.netty:netty-transport",
      "io.netty:netty-transport-native-unix-common"
    ],
    "io.netty:netty-transport-native-epoll": [
      "io.netty:netty-buffer",
      "io.netty:netty-common",
      "io.netty:netty-transport",
      "io.netty:netty-transport-classes-epoll",
      "io.netty:netty-transport-native-unix-common"
    ],
    "io.netty:netty-transport-native-kqueue": [
      "io.netty:netty-buffer",
      "io.netty:netty-common",
      "io.netty:netty-transport",
      "io.netty:netty-transport-classes-kqueue",
      "io.netty:netty-transport-native-unix-common"
    ],
    "io.netty:netty-transport-native-unix-common": [
      "io.netty:netty-buffer",
      "io.netty:netty-common",
      "io.netty:netty-transport"
    ],
    "io.opentelemetry:opentelemetry-api": [
      "io.opentelemetry:opentelemetry-context"
    ],
    "io.opentelemetry:opentelemetry-exporter-logging": [
      "io.opentelemetry:opentelemetry-sdk",
      "io.opentelemetry:opentelemetry-sdk-logs",
      "io.opentelemetry:opentelemetry-sdk-metrics"
    ],
    "io.opentelemetry:opentelemetry-sdk": [
      "io.opentelemetry:opentelemetry-api",
      "io.opentelemetry:opentelemetry-sdk-common",
      "io.opentelemetry:opentelemetry-sdk-logs",
      "io.opentelemetry:opentelemetry-sdk-metrics",
      "io.opentelemetry:opentelemetry-sdk-trace"
    ],
    "io.opentelemetry:opentelemetry-sdk-common": [
      "io.opentelemetry:opentelemetry-api",
      "io.opentelemetry:opentelemetry-semconv"
    ],
    "io.opentelemetry:opentelemetry-sdk-extension-autoconfigure": [
      "io.opentelemetry:opentelemetry-sdk",
      "io.opentelemetry:opentelemetry-sdk-extension-autoconfigure-spi",
      "io.opentelemetry:opentelemetry-sdk-logs",
      "io.opentelemetry:opentelemetry-sdk-metrics",
      "io.opentelemetry:opentelemetry-semconv"
    ],
    "io.opentelemetry:opentelemetry-sdk-extension-autoconfigure-spi": [
      "io.opentelemetry:opentelemetry-sdk",
      "io.opentelemetry:opentelemetry-sdk-logs",
      "io.opentelemetry:opentelemetry-sdk-metrics"
    ],
    "io.opentelemetry:opentelemetry-sdk-logs": [
      "io.opentelemetry:opentelemetry-sdk-common"
    ],
    "io.opentelemetry:opentelemetry-sdk-metrics": [
      "io.opentelemetry:opentelemetry-api",
      "io.opentelemetry:opentelemetry-sdk-common"
    ],
    "io.opentelemetry:opentelemetry-sdk-trace": [
      "io.opentelemetry:opentelemetry-api",
      "io.opentelemetry:opentelemetry-sdk-common",
      "io.opentelemetry:opentelemetry-semconv"
    ],
    "io.opentelemetry:opentelemetry-semconv": [
      "io.opentelemetry:opentelemetry-api"
    ],
    "junit:junit": [
      "org.hamcrest:hamcrest-core"
    ],
    "org.asynchttpclient:async-http-client": [
      "com.sun.activation:jakarta.activation",
      "com.typesafe.netty:netty-reactive-streams",
      "io.netty:netty-codec-http",
      "io.netty:netty-codec-socks",
      "io.netty:netty-handler",
      "io.netty:netty-handler-proxy",
      "org.asynchttpclient:async-http-client-netty-utils",
      "org.reactivestreams:reactive-streams",
      "org.slf4j:slf4j-api"
    ],
    "org.asynchttpclient:async-http-client-netty-utils": [
      "com.sun.activation:jakarta.activation",
      "io.netty:netty-buffer",
      "org.slf4j:slf4j-api"
    ],
    "org.mockito:mockito-core": [
      "net.bytebuddy:byte-buddy",
      "net.bytebuddy:byte-buddy-agent",
      "org.objenesis:objenesis"
    ],
    "org.seleniumhq.selenium:selenium-chrome-driver": [
      "com.google.auto.service:auto-service",
      "com.google.auto.service:auto-service-annotations",
      "com.google.guava:guava",
      "org.seleniumhq.selenium:selenium-api",
      "org.seleniumhq.selenium:selenium-chromium-driver",
      "org.seleniumhq.selenium:selenium-json",
      "org.seleniumhq.selenium:selenium-remote-driver"
    ],
    "org.seleniumhq.selenium:selenium-chromium-driver": [
      "com.google.auto.service:auto-service",
      "com.google.auto.service:auto-service-annotations",
      "com.google.guava:guava",
      "org.seleniumhq.selenium:selenium-json",
      "org.seleniumhq.selenium:selenium-remote-driver"
    ],
    "org.seleniumhq.selenium:selenium-devtools-v102": [
      "com.google.auto.service:auto-service",
      "com.google.auto.service:auto-service-annotations",
      "com.google.guava:guava",
      "org.seleniumhq.selenium:selenium-api",
      "org.seleniumhq.selenium:selenium-json",
      "org.seleniumhq.selenium:selenium-remote-driver"
    ],
    "org.seleniumhq.selenium:selenium-devtools-v103": [
      "com.google.auto.service:auto-service",
      "com.google.auto.service:auto-service-annotations",
      "com.google.guava:guava",
      "org.seleniumhq.selenium:selenium-api",
      "org.seleniumhq.selenium:selenium-json",
      "org.seleniumhq.selenium:selenium-remote-driver"
    ],
    "org.seleniumhq.selenium:selenium-devtools-v104": [
      "com.google.auto.service:auto-service",
      "com.google.auto.service:auto-service-annotations",
      "com.google.guava:guava",
      "org.seleniumhq.selenium:selenium-api",
      "org.seleniumhq.selenium:selenium-json",
      "org.seleniumhq.selenium:selenium-remote-driver"
    ],
    "org.seleniumhq.selenium:selenium-devtools-v85": [
      "com.google.auto.service:auto-service",
      "com.google.auto.service:auto-service-annotations",
      "com.google.guava:guava",
      "org.seleniumhq.selenium:selenium-api",
      "org.seleniumhq.selenium:selenium-json",
      "org.seleniumhq.selenium:selenium-remote-driver"
    ],
    "org.seleniumhq.selenium:selenium-edge-driver": [
      "com.google.auto.service:auto-service",
      "com.google.auto.service:auto-service-annotations",
      "com.google.guava:guava",
      "org.seleniumhq.selenium:selenium-api",
      "org.seleniumhq.selenium:selenium-chromium-driver",
      "org.seleniumhq.selenium:selenium-remote-driver"
    ],
    "org.seleniumhq.selenium:selenium-firefox-driver": [
      "com.google.auto.service:auto-service",
      "com.google.auto.service:auto-service-annotations",
      "com.google.guava:guava",
      "org.seleniumhq.selenium:selenium-api",
      "org.seleniumhq.selenium:selenium-devtools-v85",
      "org.seleniumhq.selenium:selenium-json",
      "org.seleniumhq.selenium:selenium-remote-driver"
    ],
    "org.seleniumhq.selenium:selenium-http": [
      "com.google.guava:guava",
      "dev.failsafe:failsafe",
      "org.seleniumhq.selenium:selenium-api",
      "org.seleniumhq.selenium:selenium-json"
    ],
    "org.seleniumhq.selenium:selenium-ie-driver": [
      "com.google.auto.service:auto-service",
      "com.google.auto.service:auto-service-annotations",
      "org.seleniumhq.selenium:selenium-api",
      "org.seleniumhq.selenium:selenium-remote-driver"
    ],
    "org.seleniumhq.selenium:selenium-java": [
      "org.seleniumhq.selenium:selenium-api",
      "org.seleniumhq.selenium:selenium-chrome-driver",
      "org.seleniumhq.selenium:selenium-devtools-v102",
      "org.seleniumhq.selenium:selenium-devtools-v103",
      "org.seleniumhq.selenium:selenium-devtools-v104",
      "org.seleniumhq.selenium:selenium-devtools-v85",
      "org.seleniumhq.selenium:selenium-edge-driver",
      "org.seleniumhq.selenium:selenium-firefox-driver",
      "org.seleniumhq.selenium:selenium-ie-driver",
      "org.seleniumhq.selenium:selenium-opera-driver",
      "org.seleniumhq.selenium:selenium-remote-driver",
      "org.seleniumhq.selenium:selenium-safari-driver",
      "org.seleniumhq.selenium:selenium-support"
    ],
    "org.seleniumhq.selenium:selenium-json": [
      "org.seleniumhq.selenium:selenium-api"
    ],
    "org.seleniumhq.selenium:selenium-opera-driver": [
      "com.google.auto.service:auto-service",
      "com.google.auto.service:auto-service-annotations",
      "org.seleniumhq.selenium:selenium-api",
      "org.seleniumhq.selenium:selenium-remote-driver"
    ],
    "org.seleniumhq.selenium:selenium-remote-driver": [
      "com.beust:jcommander",
      "com.google.auto.service:auto-service",
      "com.google.auto.service:auto-service-annotations",
      "com.google.guava:guava",
      "io.netty:netty-buffer",
      "io.netty:netty-codec-http",
      "io.netty:netty-common",
      "io.netty:netty-transport",
      "io.netty:netty-transport-classes-epoll",
      "io.netty:netty-transport-classes-kqueue",
      "io.netty:netty-transport-native-epoll",
      "io.netty:netty-transport-native-kqueue",
      "io.netty:netty-transport-native-unix-common",
      "io.opentelemetry:opentelemetry-api",
      "io.opentelemetry:opentelemetry-context",
      "io.opentelemetry:opentelemetry-exporter-logging",
      "io.opentelemetry:opentelemetry-sdk",
      "io.opentelemetry:opentelemetry-sdk-common",
      "io.opentelemetry:opentelemetry-sdk-extension-autoconfigure",
      "io.opentelemetry:opentelemetry-sdk-extension-autoconfigure-spi",
      "io.opentelemetry:opentelemetry-sdk-trace",
      "io.opentelemetry:opentelemetry-semconv",
      "io.ous:jtoml",
      "net.bytebuddy:byte-buddy",
      "org.apache.commons:commons-exec",
      "org.asynchttpclient:async-http-client",
      "org.seleniumhq.selenium:selenium-api",
      "org.seleniumhq.selenium:selenium-http",
      "org.seleniumhq.selenium:selenium-json"
    ],
    "org.seleniumhq.selenium:selenium-safari-driver": [
      "com.google.auto.service:auto-service",
      "com.google.auto.service:auto-service-annotations",
      "com.google.guava:guava",
      "org.seleniumhq.selenium:selenium-api",
      "org.seleniumhq.selenium:selenium-remote-driver"
    ],
    "org.seleniumhq.selenium:selenium-support": [
      "com.google.auto.service:auto-service",
      "com.google.auto.service:auto-service-annotations",
      "com.google.guava:guava",
      "net.bytebuddy:byte-buddy",
      "org.seleniumhq.selenium:selenium-api",
      "org.seleniumhq.selenium:selenium-json",
      "org.seleniumhq.selenium:selenium-remote-driver"
    ]
  },
  "packages": {
    "com.beust:jcommander": [
      "com.beust.ah",
      "com.beust.jcommander",
      "com.beust.jcommander.converters",
      "com.beust.jcommander.defaultprovider",
      "com.beust.jcommander.internal",
      "com.beust.jcommander.parser",
      "com.beust.jcommander.validators"
    ],
    "com.google.auto.service:auto-service": [
      "com.google.auto.service.processor"
    ],
    "com.google.auto.service:auto-service-annotations": [
      "com.google.auto.service"
    ],
    "com.google.auto.value:auto-value-annotations": [
      "com.google.auto.value",
      "com.google.auto.value.extension.memoized",
      "com.google.auto.value.extension.serializable",
      "com.google.auto.value.extension.toprettystring"
    ],
    "com.google.auto:auto-common": [
      "com.google.auto.common"
    ],
    "com.google.code.findbugs:jsr305": [
      "javax.annotation",
      "javax.annotation.concurrent",
      "javax.annotation.meta"
    ],
    "com.google.code.gson:gson": [
      "com.google.gson",
      "com.google.gson.annotations",
      "com.google.gson.internal",
      "com.google.gson.internal.bind",
      "com.google.gson.internal.bind.util",
      "com.google.gson.internal.reflect",
      "com.google.gson.internal.sql",
      "com.google.gson.reflect",
      "com.google.gson.stream"
    ],
    "com.google.errorprone:error_prone_annotations": [
      "com.google.errorprone.annotations",
      "com.google.errorprone.annotations.concurrent"
    ],
    "com.google.guava:failureaccess": [
      "com.google.common.util.concurrent.internal"
    ],
    "com.google.guava:guava": [
      "com.google.common.annotations",
      "com.google.common.base",
      "com.google.common.base.internal",
      "com.google.common.cache",
      "com.google.common.collect",
      "com.google.common.escape",
      "com.google.common.eventbus",
      "com.google.common.graph",
      "com.google.common.hash",
      "com.google.common.html",
      "com.google.common.io",
      "com.google.common.math",
      "com.google.common.net",
      "com.google.common.primitives",
      "com.google.common.reflect",
      "com.google.common.util.concurrent",
      "com.google.common.xml",
      "com.google.thirdparty.publicsuffix"
    ],
    "com.google.j2objc:j2objc-annotations": [
      "com.google.j2objc.annotations"
    ],
    "com.google.protobuf:protobuf-java": [
      "com.google.protobuf",
      "com.google.protobuf.compiler"
    ],
    "com.google.protobuf:protobuf-java-util": [
      "com.google.protobuf.util"
    ],
    "com.google.truth:truth": [
      "com.google.common.truth"
    ],
    "com.sun.activation:jakarta.activation": [
      "com.sun.activation.registries",
      "com.sun.activation.viewers",
      "javax.activation"
    ],
    "com.typesafe.netty:netty-reactive-streams": [
      "com.typesafe.netty"
    ],
    "dev.failsafe:failsafe": [
      "dev.failsafe",
      "dev.failsafe.event",
      "dev.failsafe.function",
      "dev.failsafe.internal",
      "dev.failsafe.internal.util",
      "dev.failsafe.spi"
    ],
    "io.netty:netty-buffer": [
      "io.netty.buffer",
      "io.netty.buffer.search"
    ],
    "io.netty:netty-codec": [
      "io.netty.handler.codec",
      "io.netty.handler.codec.base64",
      "io.netty.handler.codec.bytes",
      "io.netty.handler.codec.compression",
      "io.netty.handler.codec.json",
      "io.netty.handler.codec.marshalling",
      "io.netty.handler.codec.protobuf",
      "io.netty.handler.codec.serialization",
      "io.netty.handler.codec.string",
      "io.netty.handler.codec.xml"
    ],
    "io.netty:netty-codec-http": [
      "io.netty.handler.codec.http",
      "io.netty.handler.codec.http.cookie",
      "io.netty.handler.codec.http.cors",
      "io.netty.handler.codec.http.multipart",
      "io.netty.handler.codec.http.websocketx",
      "io.netty.handler.codec.http.websocketx.extensions",
      "io.netty.handler.codec.http.websocketx.extensions.compression",
      "io.netty.handler.codec.rtsp",
      "io.netty.handler.codec.spdy"
    ],
    "io.netty:netty-codec-socks": [
      "io.netty.handler.codec.socks",
      "io.netty.handler.codec.socksx",
      "io.netty.handler.codec.socksx.v4",
      "io.netty.handler.codec.socksx.v5"
    ],
    "io.netty:netty-common": [
      "io.netty.util",
      "io.netty.util.collection",
      "io.netty.util.concurrent",
      "io.netty.util.internal",
      "io.netty.util.internal.logging",
      "io.netty.util.internal.shaded.org.jctools.queues",
      "io.netty.util.internal.shaded.org.jctools.queues.atomic",
      "io.netty.util.internal.shaded.org.jctools.util",
      "io.netty.util.internal.svm"
    ],
    "io.netty:netty-handler": [
      "io.netty.handler.address",
      "io.netty.handler.flow",
      "io.netty.handler.flush",
      "io.netty.handler.ipfilter",
      "io.netty.handler.logging",
      "io.netty.handler.pcap",
      "io.netty.handler.ssl",
      "io.netty.handler.ssl.ocsp",
      "io.netty.handler.ssl.util",
      "io.netty.handler.stream",
      "io.netty.handler.timeout",
      "io.netty.handler.traffic"
    ],
    "io.netty:netty-handler-proxy": [
      "io.netty.handler.proxy"
    ],
    "io.netty:netty-resolver": [
      "io.netty.resolver"
    ],
    "io.netty:netty-transport": [
      "io.netty.bootstrap",
      "io.netty.channel",
      "io.netty.channel.embedded",
      "io.netty.channel.group",
      "io.netty.channel.internal",
      "io.netty.channel.local",
      "io.netty.channel.nio",
      "io.netty.channel.oio",
      "io.netty.channel.pool",
      "io.netty.channel.socket",
      "io.netty.channel.socket.nio",
      "io.netty.channel.socket.oio"
    ],
    "io.netty:netty-transport-classes-epoll": [
      "io.netty.channel.epoll"
    ],
    "io.netty:netty-transport-classes-kqueue": [
      "io.netty.channel.kqueue"
    ],
    "io.netty:netty-transport-native-unix-common": [
      "io.netty.channel.unix"
    ],
    "io.opentelemetry:opentelemetry-api": [
      "io.opentelemetry.api",
      "io.opentelemetry.api.baggage",
      "io.opentelemetry.api.baggage.propagation",
      "io.opentelemetry.api.common",
      "io.opentelemetry.api.internal",
      "io.opentelemetry.api.metrics",
      "io.opentelemetry.api.trace",
      "io.opentelemetry.api.trace.propagation",
      "io.opentelemetry.api.trace.propagation.internal"
    ],
    "io.opentelemetry:opentelemetry-context": [
      "io.opentelemetry.context",
      "io.opentelemetry.context.internal.shaded",
      "io.opentelemetry.context.propagation"
    ],
    "io.opentelemetry:opentelemetry-exporter-logging": [
      "io.opentelemetry.exporter.logging"
    ],
    "io.opentelemetry:opentelemetry-sdk": [
      "io.opentelemetry.sdk"
    ],
    "io.opentelemetry:opentelemetry-sdk-common": [
      "io.opentelemetry.sdk.common",
      "io.opentelemetry.sdk.common.export",
      "io.opentelemetry.sdk.internal",
      "io.opentelemetry.sdk.resources"
    ],
    "io.opentelemetry:opentelemetry-sdk-common:jar:sources": [
      "io.opentelemetry.sdk.internal"
    ],
    "io.opentelemetry:opentelemetry-sdk-extension-autoconfigure": [
      "io.opentelemetry.sdk.autoconfigure"
    ],
    "io.opentelemetry:opentelemetry-sdk-extension-autoconfigure-spi": [
      "io.opentelemetry.sdk.autoconfigure.spi",
      "io.opentelemetry.sdk.autoconfigure.spi.metrics",
      "io.opentelemetry.sdk.autoconfigure.spi.traces"
    ],
    "io.opentelemetry:opentelemetry-sdk-logs": [
      "io.opentelemetry.sdk.logs",
      "io.opentelemetry.sdk.logs.data",
      "io.opentelemetry.sdk.logs.export"
    ],
    "io.opentelemetry:opentelemetry-sdk-metrics": [
      "io.opentelemetry.sdk.metrics",
      "io.opentelemetry.sdk.metrics.data",
      "io.opentelemetry.sdk.metrics.export",
      "io.opentelemetry.sdk.metrics.internal",
      "io.opentelemetry.sdk.metrics.internal.aggregator",
      "io.opentelemetry.sdk.metrics.internal.concurrent",
      "io.opentelemetry.sdk.metrics.internal.data",
      "io.opentelemetry.sdk.metrics.internal.data.exponentialhistogram",
      "io.opentelemetry.sdk.metrics.internal.debug",
      "io.opentelemetry.sdk.metrics.internal.descriptor",
      "io.opentelemetry.sdk.metrics.internal.exemplar",
      "io.opentelemetry.sdk.metrics.internal.export",
      "io.opentelemetry.sdk.metrics.internal.instrument",
      "io.opentelemetry.sdk.metrics.internal.state",
      "io.opentelemetry.sdk.metrics.internal.view"
    ],
    "io.opentelemetry:opentelemetry-sdk-trace": [
      "io.opentelemetry.internal.shaded.jctools.queues",
      "io.opentelemetry.internal.shaded.jctools.util",
      "io.opentelemetry.sdk.trace",
      "io.opentelemetry.sdk.trace.data",
      "io.opentelemetry.sdk.trace.export",
      "io.opentelemetry.sdk.trace.internal",
      "io.opentelemetry.sdk.trace.internal.data",
      "io.opentelemetry.sdk.trace.samplers"
    ],
    "io.opentelemetry:opentelemetry-semconv": [
      "io.opentelemetry.semconv.resource.attributes",
      "io.opentelemetry.semconv.trace.attributes"
    ],
    "io.ous:jtoml": [
      "io.ous.jtoml",
      "io.ous.jtoml.impl"
    ],
    "junit:junit": [
      "junit.extensions",
      "junit.framework",
      "junit.runner",
      "junit.textui",
      "org.junit",
      "org.junit.experimental",
      "org.junit.experimental.categories",
      "org.junit.experimental.max",
      "org.junit.experimental.results",
      "org.junit.experimental.runners",
      "org.junit.experimental.theories",
      "org.junit.experimental.theories.internal",
      "org.junit.experimental.theories.suppliers",
      "org.junit.function",
      "org.junit.internal",
      "org.junit.internal.builders",
      "org.junit.internal.management",
      "org.junit.internal.matchers",
      "org.junit.internal.requests",
      "org.junit.internal.runners",
      "org.junit.internal.runners.model",
      "org.junit.internal.runners.rules",
      "org.junit.internal.runners.statements",
      "org.junit.matchers",
      "org.junit.rules",
      "org.junit.runner",
      "org.junit.runner.manipulation",
      "org.junit.runner.notification",
      "org.junit.runners",
      "org.junit.runners.model",
      "org.junit.runners.parameterized",
      "org.junit.validator"
    ],
    "net.bytebuddy:byte-buddy": [
      "net.bytebuddy",
      "net.bytebuddy.agent.builder",
      "net.bytebuddy.asm",
      "net.bytebuddy.build",
      "net.bytebuddy.description",
      "net.bytebuddy.description.annotation",
      "net.bytebuddy.description.enumeration",
      "net.bytebuddy.description.field",
      "net.bytebuddy.description.method",
      "net.bytebuddy.description.modifier",
      "net.bytebuddy.description.type",
      "net.bytebuddy.dynamic",
      "net.bytebuddy.dynamic.loading",
      "net.bytebuddy.dynamic.scaffold",
      "net.bytebuddy.dynamic.scaffold.inline",
      "net.bytebuddy.dynamic.scaffold.subclass",
      "net.bytebuddy.implementation",
      "net.bytebuddy.implementation.attribute",
      "net.bytebuddy.implementation.auxiliary",
      "net.bytebuddy.implementation.bind",
      "net.bytebuddy.implementation.bind.annotation",
      "net.bytebuddy.implementation.bytecode",
      "net.bytebuddy.implementation.bytecode.assign",
      "net.bytebuddy.implementation.bytecode.assign.primitive",
      "net.bytebuddy.implementation.bytecode.assign.reference",
      "net.bytebuddy.implementation.bytecode.collection",
      "net.bytebuddy.implementation.bytecode.constant",
      "net.bytebuddy.implementation.bytecode.member",
      "net.bytebuddy.jar.asm",
      "net.bytebuddy.jar.asm.commons",
      "net.bytebuddy.jar.asm.signature",
      "net.bytebuddy.matcher",
      "net.bytebuddy.pool",
      "net.bytebuddy.utility",
      "net.bytebuddy.utility.dispatcher",
      "net.bytebuddy.utility.nullability",
      "net.bytebuddy.utility.privilege",
      "net.bytebuddy.utility.visitor"
    ],
    "net.bytebuddy:byte-buddy-agent": [
      "net.bytebuddy.agent",
      "net.bytebuddy.agent.utility.nullability"
    ],
    "net.bytebuddy:byte-buddy:jar:sources": [
      "net.bytebuddy.build"
    ],
    "org.apache.commons:commons-exec": [
      "org.apache.commons.exec",
      "org.apache.commons.exec.environment",
      "org.apache.commons.exec.launcher",
      "org.apache.commons.exec.util"
    ],
    "org.asynchttpclient:async-http-client": [
      "org.asynchttpclient",
      "org.asynchttpclient.channel",
      "org.asynchttpclient.config",
      "org.asynchttpclient.cookie",
      "org.asynchttpclient.exception",
      "org.asynchttpclient.filter",
      "org.asynchttpclient.handler",
      "org.asynchttpclient.handler.resumable",
      "org.asynchttpclient.netty",
      "org.asynchttpclient.netty.channel",
      "org.asynchttpclient.netty.future",
      "org.asynchttpclient.netty.handler",
      "org.asynchttpclient.netty.handler.intercept",
      "org.asynchttpclient.netty.request",
      "org.asynchttpclient.netty.request.body",
      "org.asynchttpclient.netty.ssl",
      "org.asynchttpclient.netty.timeout",
      "org.asynchttpclient.netty.ws",
      "org.asynchttpclient.ntlm",
      "org.asynchttpclient.oauth",
      "org.asynchttpclient.proxy",
      "org.asynchttpclient.request.body",
      "org.asynchttpclient.request.body.generator",
      "org.asynchttpclient.request.body.multipart",
      "org.asynchttpclient.request.body.multipart.part",
      "org.asynchttpclient.resolver",
      "org.asynchttpclient.spnego",
      "org.asynchttpclient.uri",
      "org.asynchttpclient.util",
      "org.asynchttpclient.webdav",
      "org.asynchttpclient.ws"
    ],
    "org.asynchttpclient:async-http-client-netty-utils": [
      "org.asynchttpclient.netty.util"
    ],
    "org.checkerframework:checker-qual": [
      "org.checkerframework.checker.builder.qual",
      "org.checkerframework.checker.calledmethods.qual",
      "org.checkerframework.checker.compilermsgs.qual",
      "org.checkerframework.checker.fenum.qual",
      "org.checkerframework.checker.formatter.qual",
      "org.checkerframework.checker.guieffect.qual",
      "org.checkerframework.checker.i18n.qual",
      "org.checkerframework.checker.i18nformatter.qual",
      "org.checkerframework.checker.index.qual",
      "org.checkerframework.checker.initialization.qual",
      "org.checkerframework.checker.interning.qual",
      "org.checkerframework.checker.lock.qual",
      "org.checkerframework.checker.mustcall.qual",
      "org.checkerframework.checker.nullness.qual",
      "org.checkerframework.checker.optional.qual",
      "org.checkerframework.checker.propkey.qual",
      "org.checkerframework.checker.regex.qual",
      "org.checkerframework.checker.signature.qual",
      "org.checkerframework.checker.signedness.qual",
      "org.checkerframework.checker.tainting.qual",
      "org.checkerframework.checker.units.qual",
      "org.checkerframework.common.aliasing.qual",
      "org.checkerframework.common.initializedfields.qual",
      "org.checkerframework.common.reflection.qual",
      "org.checkerframework.common.returnsreceiver.qual",
      "org.checkerframework.common.subtyping.qual",
      "org.checkerframework.common.util.count.report.qual",
      "org.checkerframework.common.value.qual",
      "org.checkerframework.dataflow.qual",
      "org.checkerframework.framework.qual"
    ],
    "org.hamcrest:hamcrest-core": [
      "org.hamcrest",
      "org.hamcrest.core",
      "org.hamcrest.internal"
    ],
    "org.mockito:mockito-core": [
      "org.mockito",
      "org.mockito.codegen",
      "org.mockito.configuration",
      "org.mockito.creation.instance",
      "org.mockito.exceptions.base",
      "org.mockito.exceptions.misusing",
      "org.mockito.exceptions.stacktrace",
      "org.mockito.exceptions.verification",
      "org.mockito.exceptions.verification.junit",
      "org.mockito.exceptions.verification.opentest4j",
      "org.mockito.hamcrest",
      "org.mockito.internal",
      "org.mockito.internal.configuration",
      "org.mockito.internal.configuration.injection",
      "org.mockito.internal.configuration.injection.filter",
      "org.mockito.internal.configuration.injection.scanner",
      "org.mockito.internal.configuration.plugins",
      "org.mockito.internal.creation",
      "org.mockito.internal.creation.bytebuddy",
      "org.mockito.internal.creation.instance",
      "org.mockito.internal.creation.proxy",
      "org.mockito.internal.creation.settings",
      "org.mockito.internal.creation.util",
      "org.mockito.internal.debugging",
      "org.mockito.internal.exceptions",
      "org.mockito.internal.exceptions.stacktrace",
      "org.mockito.internal.exceptions.util",
      "org.mockito.internal.framework",
      "org.mockito.internal.hamcrest",
      "org.mockito.internal.handler",
      "org.mockito.internal.invocation",
      "org.mockito.internal.invocation.finder",
      "org.mockito.internal.invocation.mockref",
      "org.mockito.internal.junit",
      "org.mockito.internal.listeners",
      "org.mockito.internal.matchers",
      "org.mockito.internal.matchers.apachecommons",
      "org.mockito.internal.matchers.text",
      "org.mockito.internal.progress",
      "org.mockito.internal.reporting",
      "org.mockito.internal.runners",
      "org.mockito.internal.runners.util",
      "org.mockito.internal.session",
      "org.mockito.internal.stubbing",
      "org.mockito.internal.stubbing.answers",
      "org.mockito.internal.stubbing.defaultanswers",
      "org.mockito.internal.util",
      "org.mockito.internal.util.collections",
      "org.mockito.internal.util.concurrent",
      "org.mockito.internal.util.io",
      "org.mockito.internal.util.reflection",
      "org.mockito.internal.verification",
      "org.mockito.internal.verification.api",
      "org.mockito.internal.verification.argumentmatching",
      "org.mockito.internal.verification.checkers",
      "org.mockito.invocation",
      "org.mockito.junit",
      "org.mockito.listeners",
      "org.mockito.mock",
      "org.mockito.plugins",
      "org.mockito.quality",
      "org.mockito.session",
      "org.mockito.stubbing",
      "org.mockito.verification"
    ],
    "org.objenesis:objenesis": [
      "org.objenesis",
      "org.objenesis.instantiator",
      "org.objenesis.instantiator.android",
      "org.objenesis.instantiator.annotations",
      "org.objenesis.instantiator.basic",
      "org.objenesis.instantiator.gcj",
      "org.objenesis.instantiator.perc",
      "org.objenesis.instantiator.sun",
      "org.objenesis.instantiator.util",
      "org.objenesis.strategy"
    ],
    "org.ow2.asm:asm": [
      "org.objectweb.asm",
      "org.objectweb.asm.signature"
    ],
    "org.reactivestreams:reactive-streams": [
      "org.reactivestreams"
    ],
    "org.seleniumhq.selenium:selenium-api": [
      "org.openqa.selenium",
      "org.openqa.selenium.html5",
      "org.openqa.selenium.interactions",
      "org.openqa.selenium.internal",
      "org.openqa.selenium.logging",
      "org.openqa.selenium.logging.profiler",
      "org.openqa.selenium.mobile",
      "org.openqa.selenium.net",
      "org.openqa.selenium.print",
      "org.openqa.selenium.virtualauthenticator"
    ],
    "org.seleniumhq.selenium:selenium-chrome-driver": [
      "org.openqa.selenium.chrome"
    ],
    "org.seleniumhq.selenium:selenium-chromium-driver": [
      "org.openqa.selenium.chromium"
    ],
    "org.seleniumhq.selenium:selenium-devtools-v102": [
      "org.openqa.selenium.devtools.v102",
      "org.openqa.selenium.devtools.v102.accessibility",
      "org.openqa.selenium.devtools.v102.accessibility.model",
      "org.openqa.selenium.devtools.v102.animation",
      "org.openqa.selenium.devtools.v102.animation.model",
      "org.openqa.selenium.devtools.v102.audits",
      "org.openqa.selenium.devtools.v102.audits.model",
      "org.openqa.selenium.devtools.v102.backgroundservice",
      "org.openqa.selenium.devtools.v102.backgroundservice.model",
      "org.openqa.selenium.devtools.v102.browser",
      "org.openqa.selenium.devtools.v102.browser.model",
      "org.openqa.selenium.devtools.v102.cachestorage",
      "org.openqa.selenium.devtools.v102.cachestorage.model",
      "org.openqa.selenium.devtools.v102.cast",
      "org.openqa.selenium.devtools.v102.cast.model",
      "org.openqa.selenium.devtools.v102.console",
      "org.openqa.selenium.devtools.v102.console.model",
      "org.openqa.selenium.devtools.v102.css",
      "org.openqa.selenium.devtools.v102.css.model",
      "org.openqa.selenium.devtools.v102.database",
      "org.openqa.selenium.devtools.v102.database.model",
      "org.openqa.selenium.devtools.v102.debugger",
      "org.openqa.selenium.devtools.v102.debugger.model",
      "org.openqa.selenium.devtools.v102.deviceorientation",
      "org.openqa.selenium.devtools.v102.dom",
      "org.openqa.selenium.devtools.v102.dom.model",
      "org.openqa.selenium.devtools.v102.domdebugger",
      "org.openqa.selenium.devtools.v102.domdebugger.model",
      "org.openqa.selenium.devtools.v102.domsnapshot",
      "org.openqa.selenium.devtools.v102.domsnapshot.model",
      "org.openqa.selenium.devtools.v102.domstorage",
      "org.openqa.selenium.devtools.v102.domstorage.model",
      "org.openqa.selenium.devtools.v102.emulation",
      "org.openqa.selenium.devtools.v102.emulation.model",
      "org.openqa.selenium.devtools.v102.eventbreakpoints",
      "org.openqa.selenium.devtools.v102.fetch",
      "org.openqa.selenium.devtools.v102.fetch.model",
      "org.openqa.selenium.devtools.v102.headlessexperimental",
      "org.openqa.selenium.devtools.v102.headlessexperimental.model",
      "org.openqa.selenium.devtools.v102.heapprofiler",
      "org.openqa.selenium.devtools.v102.heapprofiler.model",
      "org.openqa.selenium.devtools.v102.indexeddb",
      "org.openqa.selenium.devtools.v102.indexeddb.model",
      "org.openqa.selenium.devtools.v102.input",
      "org.openqa.selenium.devtools.v102.input.model",
      "org.openqa.selenium.devtools.v102.inspector",
      "org.openqa.selenium.devtools.v102.io",
      "org.openqa.selenium.devtools.v102.io.model",
      "org.openqa.selenium.devtools.v102.layertree",
      "org.openqa.selenium.devtools.v102.layertree.model",
      "org.openqa.selenium.devtools.v102.log",
      "org.openqa.selenium.devtools.v102.log.model",
      "org.openqa.selenium.devtools.v102.media",
      "org.openqa.selenium.devtools.v102.media.model",
      "org.openqa.selenium.devtools.v102.memory",
      "org.openqa.selenium.devtools.v102.memory.model",
      "org.openqa.selenium.devtools.v102.network",
      "org.openqa.selenium.devtools.v102.network.model",
      "org.openqa.selenium.devtools.v102.overlay",
      "org.openqa.selenium.devtools.v102.overlay.model",
      "org.openqa.selenium.devtools.v102.page",
      "org.openqa.selenium.devtools.v102.page.model",
      "org.openqa.selenium.devtools.v102.performance",
      "org.openqa.selenium.devtools.v102.performance.model",
      "org.openqa.selenium.devtools.v102.performancetimeline",
      "org.openqa.selenium.devtools.v102.performancetimeline.model",
      "org.openqa.selenium.devtools.v102.profiler",
      "org.openqa.selenium.devtools.v102.profiler.model",
      "org.openqa.selenium.devtools.v102.runtime",
      "org.openqa.selenium.devtools.v102.runtime.model",
      "org.openqa.selenium.devtools.v102.schema",
      "org.openqa.selenium.devtools.v102.schema.model",
      "org.openqa.selenium.devtools.v102.security",
      "org.openqa.selenium.devtools.v102.security.model",
      "org.openqa.selenium.devtools.v102.serviceworker",
      "org.openqa.selenium.devtools.v102.serviceworker.model",
      "org.openqa.selenium.devtools.v102.storage",
      "org.openqa.selenium.devtools.v102.storage.model",
      "org.openqa.selenium.devtools.v102.systeminfo",
      "org.openqa.selenium.devtools.v102.systeminfo.model",
      "org.openqa.selenium.devtools.v102.target",
      "org.openqa.selenium.devtools.v102.target.model",
      "org.openqa.selenium.devtools.v102.tethering",
      "org.openqa.selenium.devtools.v102.tethering.model",
      "org.openqa.selenium.devtools.v102.tracing",
      "org.openqa.selenium.devtools.v102.tracing.model",
      "org.openqa.selenium.devtools.v102.webaudio",
      "org.openqa.selenium.devtools.v102.webaudio.model",
      "org.openqa.selenium.devtools.v102.webauthn",
      "org.openqa.selenium.devtools.v102.webauthn.model"
    ],
    "org.seleniumhq.selenium:selenium-devtools-v103": [
      "org.openqa.selenium.devtools.v103",
      "org.openqa.selenium.devtools.v103.accessibility",
      "org.openqa.selenium.devtools.v103.accessibility.model",
      "org.openqa.selenium.devtools.v103.animation",
      "org.openqa.selenium.devtools.v103.animation.model",
      "org.openqa.selenium.devtools.v103.audits",
      "org.openqa.selenium.devtools.v103.audits.model",
      "org.openqa.selenium.devtools.v103.backgroundservice",
      "org.openqa.selenium.devtools.v103.backgroundservice.model",
      "org.openqa.selenium.devtools.v103.browser",
      "org.openqa.selenium.devtools.v103.browser.model",
      "org.openqa.selenium.devtools.v103.cachestorage",
      "org.openqa.selenium.devtools.v103.cachestorage.model",
      "org.openqa.selenium.devtools.v103.cast",
      "org.openqa.selenium.devtools.v103.cast.model",
      "org.openqa.selenium.devtools.v103.console",
      "org.openqa.selenium.devtools.v103.console.model",
      "org.openqa.selenium.devtools.v103.css",
      "org.openqa.selenium.devtools.v103.css.model",
      "org.openqa.selenium.devtools.v103.database",
      "org.openqa.selenium.devtools.v103.database.model",
      "org.openqa.selenium.devtools.v103.debugger",
      "org.openqa.selenium.devtools.v103.debugger.model",
      "org.openqa.selenium.devtools.v103.deviceorientation",
      "org.openqa.selenium.devtools.v103.dom",
      "org.openqa.selenium.devtools.v103.dom.model",
      "org.openqa.selenium.devtools.v103.domdebugger",
      "org.openqa.selenium.devtools.v103.domdebugger.model",
      "org.openqa.selenium.devtools.v103.domsnapshot",
      "org.openqa.selenium.devtools.v103.domsnapshot.model",
      "org.openqa.selenium.devtools.v103.domstorage",
      "org.openqa.selenium.devtools.v103.domstorage.model",
      "org.openqa.selenium.devtools.v103.emulation",
      "org.openqa.selenium.devtools.v103.emulation.model",
      "org.openqa.selenium.devtools.v103.eventbreakpoints",
      "org.openqa.selenium.devtools.v103.fetch",
      "org.openqa.selenium.devtools.v103.fetch.model",
      "org.openqa.selenium.devtools.v103.headlessexperimental",
      "org.openqa.selenium.devtools.v103.headlessexperimental.model",
      "org.openqa.selenium.devtools.v103.heapprofiler",
      "org.openqa.selenium.devtools.v103.heapprofiler.model",
      "org.openqa.selenium.devtools.v103.indexeddb",
      "org.openqa.selenium.devtools.v103.indexeddb.model",
      "org.openqa.selenium.devtools.v103.input",
      "org.openqa.selenium.devtools.v103.input.model",
      "org.openqa.selenium.devtools.v103.inspector",
      "org.openqa.selenium.devtools.v103.io",
      "org.openqa.selenium.devtools.v103.io.model",
      "org.openqa.selenium.devtools.v103.layertree",
      "org.openqa.selenium.devtools.v103.layertree.model",
      "org.openqa.selenium.devtools.v103.log",
      "org.openqa.selenium.devtools.v103.log.model",
      "org.openqa.selenium.devtools.v103.media",
      "org.openqa.selenium.devtools.v103.media.model",
      "org.openqa.selenium.devtools.v103.memory",
      "org.openqa.selenium.devtools.v103.memory.model",
      "org.openqa.selenium.devtools.v103.network",
      "org.openqa.selenium.devtools.v103.network.model",
      "org.openqa.selenium.devtools.v103.overlay",
      "org.openqa.selenium.devtools.v103.overlay.model",
      "org.openqa.selenium.devtools.v103.page",
      "org.openqa.selenium.devtools.v103.page.model",
      "org.openqa.selenium.devtools.v103.performance",
      "org.openqa.selenium.devtools.v103.performance.model",
      "org.openqa.selenium.devtools.v103.performancetimeline",
      "org.openqa.selenium.devtools.v103.performancetimeline.model",
      "org.openqa.selenium.devtools.v103.profiler",
      "org.openqa.selenium.devtools.v103.profiler.model",
      "org.openqa.selenium.devtools.v103.runtime",
      "org.openqa.selenium.devtools.v103.runtime.model",
      "org.openqa.selenium.devtools.v103.schema",
      "org.openqa.selenium.devtools.v103.schema.model",
      "org.openqa.selenium.devtools.v103.security",
      "org.openqa.selenium.devtools.v103.security.model",
      "org.openqa.selenium.devtools.v103.serviceworker",
      "org.openqa.selenium.devtools.v103.serviceworker.model",
      "org.openqa.selenium.devtools.v103.storage",
      "org.openqa.selenium.devtools.v103.storage.model",
      "org.openqa.selenium.devtools.v103.systeminfo",
      "org.openqa.selenium.devtools.v103.systeminfo.model",
      "org.openqa.selenium.devtools.v103.target",
      "org.openqa.selenium.devtools.v103.target.model",
      "org.openqa.selenium.devtools.v103.tethering",
      "org.openqa.selenium.devtools.v103.tethering.model",
      "org.openqa.selenium.devtools.v103.tracing",
      "org.openqa.selenium.devtools.v103.tracing.model",
      "org.openqa.selenium.devtools.v103.webaudio",
      "org.openqa.selenium.devtools.v103.webaudio.model",
      "org.openqa.selenium.devtools.v103.webauthn",
      "org.openqa.selenium.devtools.v103.webauthn.model"
    ],
    "org.seleniumhq.selenium:selenium-devtools-v104": [
      "org.openqa.selenium.devtools.v104",
      "org.openqa.selenium.devtools.v104.accessibility",
      "org.openqa.selenium.devtools.v104.accessibility.model",
      "org.openqa.selenium.devtools.v104.animation",
      "org.openqa.selenium.devtools.v104.animation.model",
      "org.openqa.selenium.devtools.v104.audits",
      "org.openqa.selenium.devtools.v104.audits.model",
      "org.openqa.selenium.devtools.v104.backgroundservice",
      "org.openqa.selenium.devtools.v104.backgroundservice.model",
      "org.openqa.selenium.devtools.v104.browser",
      "org.openqa.selenium.devtools.v104.browser.model",
      "org.openqa.selenium.devtools.v104.cachestorage",
      "org.openqa.selenium.devtools.v104.cachestorage.model",
      "org.openqa.selenium.devtools.v104.cast",
      "org.openqa.selenium.devtools.v104.cast.model",
      "org.openqa.selenium.devtools.v104.console",
      "org.openqa.selenium.devtools.v104.console.model",
      "org.openqa.selenium.devtools.v104.css",
      "org.openqa.selenium.devtools.v104.css.model",
      "org.openqa.selenium.devtools.v104.database",
      "org.openqa.selenium.devtools.v104.database.model",
      "org.openqa.selenium.devtools.v104.debugger",
      "org.openqa.selenium.devtools.v104.debugger.model",
      "org.openqa.selenium.devtools.v104.deviceorientation",
      "org.openqa.selenium.devtools.v104.dom",
      "org.openqa.selenium.devtools.v104.dom.model",
      "org.openqa.selenium.devtools.v104.domdebugger",
      "org.openqa.selenium.devtools.v104.domdebugger.model",
      "org.openqa.selenium.devtools.v104.domsnapshot",
      "org.openqa.selenium.devtools.v104.domsnapshot.model",
      "org.openqa.selenium.devtools.v104.domstorage",
      "org.openqa.selenium.devtools.v104.domstorage.model",
      "org.openqa.selenium.devtools.v104.emulation",
      "org.openqa.selenium.devtools.v104.emulation.model",
      "org.openqa.selenium.devtools.v104.eventbreakpoints",
      "org.openqa.selenium.devtools.v104.fetch",
      "org.openqa.selenium.devtools.v104.fetch.model",
      "org.openqa.selenium.devtools.v104.headlessexperimental",
      "org.openqa.selenium.devtools.v104.headlessexperimental.model",
      "org.openqa.selenium.devtools.v104.heapprofiler",
      "org.openqa.selenium.devtools.v104.heapprofiler.model",
      "org.openqa.selenium.devtools.v104.indexeddb",
      "org.openqa.selenium.devtools.v104.indexeddb.model",
      "org.openqa.selenium.devtools.v104.input",
      "org.openqa.selenium.devtools.v104.input.model",
      "org.openqa.selenium.devtools.v104.inspector",
      "org.openqa.selenium.devtools.v104.io",
      "org.openqa.selenium.devtools.v104.io.model",
      "org.openqa.selenium.devtools.v104.layertree",
      "org.openqa.selenium.devtools.v104.layertree.model",
      "org.openqa.selenium.devtools.v104.log",
      "org.openqa.selenium.devtools.v104.log.model",
      "org.openqa.selenium.devtools.v104.media",
      "org.openqa.selenium.devtools.v104.media.model",
      "org.openqa.selenium.devtools.v104.memory",
      "org.openqa.selenium.devtools.v104.memory.model",
      "org.openqa.selenium.devtools.v104.network",
      "org.openqa.selenium.devtools.v104.network.model",
      "org.openqa.selenium.devtools.v104.overlay",
      "org.openqa.selenium.devtools.v104.overlay.model",
      "org.openqa.selenium.devtools.v104.page",
      "org.openqa.selenium.devtools.v104.page.model",
      "org.openqa.selenium.devtools.v104.performance",
      "org.openqa.selenium.devtools.v104.performance.model",
      "org.openqa.selenium.devtools.v104.performancetimeline",
      "org.openqa.selenium.devtools.v104.performancetimeline.model",
      "org.openqa.selenium.devtools.v104.profiler",
      "org.openqa.selenium.devtools.v104.profiler.model",
      "org.openqa.selenium.devtools.v104.runtime",
      "org.openqa.selenium.devtools.v104.runtime.model",
      "org.openqa.selenium.devtools.v104.schema",
      "org.openqa.selenium.devtools.v104.schema.model",
      "org.openqa.selenium.devtools.v104.security",
      "org.openqa.selenium.devtools.v104.security.model",
      "org.openqa.selenium.devtools.v104.serviceworker",
      "org.openqa.selenium.devtools.v104.serviceworker.model",
      "org.openqa.selenium.devtools.v104.storage",
      "org.openqa.selenium.devtools.v104.storage.model",
      "org.openqa.selenium.devtools.v104.systeminfo",
      "org.openqa.selenium.devtools.v104.systeminfo.model",
      "org.openqa.selenium.devtools.v104.target",
      "org.openqa.selenium.devtools.v104.target.model",
      "org.openqa.selenium.devtools.v104.tethering",
      "org.openqa.selenium.devtools.v104.tethering.model",
      "org.openqa.selenium.devtools.v104.tracing",
      "org.openqa.selenium.devtools.v104.tracing.model",
      "org.openqa.selenium.devtools.v104.webaudio",
      "org.openqa.selenium.devtools.v104.webaudio.model",
      "org.openqa.selenium.devtools.v104.webauthn",
      "org.openqa.selenium.devtools.v104.webauthn.model"
    ],
    "org.seleniumhq.selenium:selenium-devtools-v85": [
      "org.openqa.selenium.devtools.v85",
      "org.openqa.selenium.devtools.v85.accessibility",
      "org.openqa.selenium.devtools.v85.accessibility.model",
      "org.openqa.selenium.devtools.v85.animation",
      "org.openqa.selenium.devtools.v85.animation.model",
      "org.openqa.selenium.devtools.v85.applicationcache",
      "org.openqa.selenium.devtools.v85.applicationcache.model",
      "org.openqa.selenium.devtools.v85.audits",
      "org.openqa.selenium.devtools.v85.audits.model",
      "org.openqa.selenium.devtools.v85.backgroundservice",
      "org.openqa.selenium.devtools.v85.backgroundservice.model",
      "org.openqa.selenium.devtools.v85.browser",
      "org.openqa.selenium.devtools.v85.browser.model",
      "org.openqa.selenium.devtools.v85.cachestorage",
      "org.openqa.selenium.devtools.v85.cachestorage.model",
      "org.openqa.selenium.devtools.v85.cast",
      "org.openqa.selenium.devtools.v85.cast.model",
      "org.openqa.selenium.devtools.v85.console",
      "org.openqa.selenium.devtools.v85.console.model",
      "org.openqa.selenium.devtools.v85.css",
      "org.openqa.selenium.devtools.v85.css.model",
      "org.openqa.selenium.devtools.v85.database",
      "org.openqa.selenium.devtools.v85.database.model",
      "org.openqa.selenium.devtools.v85.debugger",
      "org.openqa.selenium.devtools.v85.debugger.model",
      "org.openqa.selenium.devtools.v85.deviceorientation",
      "org.openqa.selenium.devtools.v85.dom",
      "org.openqa.selenium.devtools.v85.dom.model",
      "org.openqa.selenium.devtools.v85.domdebugger",
      "org.openqa.selenium.devtools.v85.domdebugger.model",
      "org.openqa.selenium.devtools.v85.domsnapshot",
      "org.openqa.selenium.devtools.v85.domsnapshot.model",
      "org.openqa.selenium.devtools.v85.domstorage",
      "org.openqa.selenium.devtools.v85.domstorage.model",
      "org.openqa.selenium.devtools.v85.emulation",
      "org.openqa.selenium.devtools.v85.emulation.model",
      "org.openqa.selenium.devtools.v85.fetch",
      "org.openqa.selenium.devtools.v85.fetch.model",
      "org.openqa.selenium.devtools.v85.headlessexperimental",
      "org.openqa.selenium.devtools.v85.headlessexperimental.model",
      "org.openqa.selenium.devtools.v85.heapprofiler",
      "org.openqa.selenium.devtools.v85.heapprofiler.model",
      "org.openqa.selenium.devtools.v85.indexeddb",
      "org.openqa.selenium.devtools.v85.indexeddb.model",
      "org.openqa.selenium.devtools.v85.input",
      "org.openqa.selenium.devtools.v85.input.model",
      "org.openqa.selenium.devtools.v85.inspector",
      "org.openqa.selenium.devtools.v85.io",
      "org.openqa.selenium.devtools.v85.io.model",
      "org.openqa.selenium.devtools.v85.layertree",
      "org.openqa.selenium.devtools.v85.layertree.model",
      "org.openqa.selenium.devtools.v85.log",
      "org.openqa.selenium.devtools.v85.log.model",
      "org.openqa.selenium.devtools.v85.media",
      "org.openqa.selenium.devtools.v85.media.model",
      "org.openqa.selenium.devtools.v85.memory",
      "org.openqa.selenium.devtools.v85.memory.model",
      "org.openqa.selenium.devtools.v85.network",
      "org.openqa.selenium.devtools.v85.network.model",
      "org.openqa.selenium.devtools.v85.overlay",
      "org.openqa.selenium.devtools.v85.overlay.model",
      "org.openqa.selenium.devtools.v85.page",
      "org.openqa.selenium.devtools.v85.page.model",
      "org.openqa.selenium.devtools.v85.performance",
      "org.openqa.selenium.devtools.v85.performance.model",
      "org.openqa.selenium.devtools.v85.profiler",
      "org.openqa.selenium.devtools.v85.profiler.model",
      "org.openqa.selenium.devtools.v85.runtime",
      "org.openqa.selenium.devtools.v85.runtime.model",
      "org.openqa.selenium.devtools.v85.schema",
      "org.openqa.selenium.devtools.v85.schema.model",
      "org.openqa.selenium.devtools.v85.security",
      "org.openqa.selenium.devtools.v85.security.model",
      "org.openqa.selenium.devtools.v85.serviceworker",
      "org.openqa.selenium.devtools.v85.serviceworker.model",
      "org.openqa.selenium.devtools.v85.storage",
      "org.openqa.selenium.devtools.v85.storage.model",
      "org.openqa.selenium.devtools.v85.systeminfo",
      "org.openqa.selenium.devtools.v85.systeminfo.model",
      "org.openqa.selenium.devtools.v85.target",
      "org.openqa.selenium.devtools.v85.target.model",
      "org.openqa.selenium.devtools.v85.tethering",
      "org.openqa.selenium.devtools.v85.tethering.model",
      "org.openqa.selenium.devtools.v85.tracing",
      "org.openqa.selenium.devtools.v85.tracing.model",
      "org.openqa.selenium.devtools.v85.webaudio",
      "org.openqa.selenium.devtools.v85.webaudio.model",
      "org.openqa.selenium.devtools.v85.webauthn",
      "org.openqa.selenium.devtools.v85.webauthn.model"
    ],
    "org.seleniumhq.selenium:selenium-edge-driver": [
      "org.openqa.selenium.edge"
    ],
    "org.seleniumhq.selenium:selenium-firefox-driver": [
      "org.openqa.selenium.bidi",
      "org.openqa.selenium.bidi.log",
      "org.openqa.selenium.firefox"
    ],
    "org.seleniumhq.selenium:selenium-http": [
      "org.openqa.selenium.remote.http"
    ],
    "org.seleniumhq.selenium:selenium-ie-driver": [
      "org.openqa.selenium.ie"
    ],
    "org.seleniumhq.selenium:selenium-json": [
      "org.openqa.selenium.json"
    ],
    "org.seleniumhq.selenium:selenium-opera-driver": [
      "org.openqa.selenium.opera"
    ],
    "org.seleniumhq.selenium:selenium-remote-driver": [
      "org.openqa.selenium.concurrent",
      "org.openqa.selenium.devtools",
      "org.openqa.selenium.devtools.events",
      "org.openqa.selenium.devtools.idealized",
      "org.openqa.selenium.devtools.idealized.browser.model",
      "org.openqa.selenium.devtools.idealized.log",
      "org.openqa.selenium.devtools.idealized.log.model",
      "org.openqa.selenium.devtools.idealized.runtime.model",
      "org.openqa.selenium.devtools.idealized.target",
      "org.openqa.selenium.devtools.idealized.target.model",
      "org.openqa.selenium.devtools.noop",
      "org.openqa.selenium.grid.config",
      "org.openqa.selenium.io",
      "org.openqa.selenium.os",
      "org.openqa.selenium.remote",
      "org.openqa.selenium.remote.codec",
      "org.openqa.selenium.remote.codec.jwp",
      "org.openqa.selenium.remote.codec.w3c",
      "org.openqa.selenium.remote.html5",
      "org.openqa.selenium.remote.http.netty",
      "org.openqa.selenium.remote.internal",
      "org.openqa.selenium.remote.locators",
      "org.openqa.selenium.remote.mobile",
      "org.openqa.selenium.remote.service",
      "org.openqa.selenium.remote.session",
      "org.openqa.selenium.remote.tracing",
      "org.openqa.selenium.remote.tracing.empty",
      "org.openqa.selenium.remote.tracing.opentelemetry"
    ],
    "org.seleniumhq.selenium:selenium-safari-driver": [
      "org.openqa.selenium.safari"
    ],
    "org.seleniumhq.selenium:selenium-support": [
      "org.openqa.selenium.support",
      "org.openqa.selenium.support.decorators",
      "org.openqa.selenium.support.events",
      "org.openqa.selenium.support.locators",
      "org.openqa.selenium.support.pagefactory",
      "org.openqa.selenium.support.pagefactory.internal",
      "org.openqa.selenium.support.ui"
    ],
    "org.slf4j:slf4j-api": [
      "org.slf4j",
      "org.slf4j.event",
      "org.slf4j.helpers",
      "org.slf4j.spi"
    ]
  },
  "repositories": {
    "https://repo1.maven.org/maven2/": [
      "com.beust:jcommander",
      "com.beust:jcommander:jar:sources",
      "com.google.auto.service:auto-service",
      "com.google.auto.service:auto-service-annotations",
      "com.google.auto.service:auto-service-annotations:jar:sources",
      "com.google.auto.service:auto-service:jar:sources",
      "com.google.auto.value:auto-value-annotations",
      "com.google.auto.value:auto-value-annotations:jar:sources",
      "com.google.auto:auto-common",
      "com.google.auto:auto-common:jar:sources",
      "com.google.code.findbugs:jsr305",
      "com.google.code.findbugs:jsr305:jar:sources",
      "com.google.code.gson:gson",
      "com.google.code.gson:gson:jar:sources",
      "com.google.errorprone:error_prone_annotations",
      "com.google.errorprone:error_prone_annotations:jar:sources",
      "com.google.guava:failureaccess",
      "com.google.guava:failureaccess:jar:sources",
      "com.google.guava:guava",
      "com.google.guava:guava:jar:sources",
      "com.google.guava:listenablefuture",
      "com.google.j2objc:j2objc-annotations",
      "com.google.j2objc:j2objc-annotations:jar:sources",
      "com.google.protobuf:protobuf-java",
      "com.google.protobuf:protobuf-java-util",
      "com.google.protobuf:protobuf-java-util:jar:sources",
      "com.google.protobuf:protobuf-java:jar:sources",
      "com.google.truth:truth",
      "com.google.truth:truth:jar:sources",
      "com.sun.activation:jakarta.activation",
      "com.sun.activation:jakarta.activation:jar:sources",
      "com.typesafe.netty:netty-reactive-streams",
      "com.typesafe.netty:netty-reactive-streams:jar:sources",
      "dev.failsafe:failsafe",
      "dev.failsafe:failsafe:jar:sources",
      "io.netty:netty-buffer",
      "io.netty:netty-buffer:jar:sources",
      "io.netty:netty-codec",
      "io.netty:netty-codec-http",
      "io.netty:netty-codec-http:jar:sources",
      "io.netty:netty-codec-socks",
      "io.netty:netty-codec-socks:jar:sources",
      "io.netty:netty-codec:jar:sources",
      "io.netty:netty-common",
      "io.netty:netty-common:jar:sources",
      "io.netty:netty-handler",
      "io.netty:netty-handler-proxy",
      "io.netty:netty-handler-proxy:jar:sources",
      "io.netty:netty-handler:jar:sources",
      "io.netty:netty-resolver",
      "io.netty:netty-resolver:jar:sources",
      "io.netty:netty-transport",
      "io.netty:netty-transport-classes-epoll",
      "io.netty:netty-transport-classes-epoll:jar:sources",
      "io.netty:netty-transport-classes-kqueue",
      "io.netty:netty-transport-classes-kqueue:jar:sources",
      "io.netty:netty-transport-native-epoll",
      "io.netty:netty-transport-native-epoll:jar:sources",
      "io.netty:netty-transport-native-kqueue",
      "io.netty:netty-transport-native-kqueue:jar:sources",
      "io.netty:netty-transport-native-unix-common",
      "io.netty:netty-transport-native-unix-common:jar:sources",
      "io.netty:netty-transport:jar:sources",
      "io.opentelemetry:opentelemetry-api",
      "io.opentelemetry:opentelemetry-api:jar:sources",
      "io.opentelemetry:opentelemetry-context",
      "io.opentelemetry:opentelemetry-context:jar:sources",
      "io.opentelemetry:opentelemetry-exporter-logging",
      "io.opentelemetry:opentelemetry-exporter-logging:jar:sources",
      "io.opentelemetry:opentelemetry-sdk",
      "io.opentelemetry:opentelemetry-sdk-common",
      "io.opentelemetry:opentelemetry-sdk-common:jar:sources",
      "io.opentelemetry:opentelemetry-sdk-extension-autoconfigure",
      "io.opentelemetry:opentelemetry-sdk-extension-autoconfigure-spi",
      "io.opentelemetry:opentelemetry-sdk-extension-autoconfigure-spi:jar:sources",
      "io.opentelemetry:opentelemetry-sdk-extension-autoconfigure:jar:sources",
      "io.opentelemetry:opentelemetry-sdk-logs",
      "io.opentelemetry:opentelemetry-sdk-logs:jar:sources",
      "io.opentelemetry:opentelemetry-sdk-metrics",
      "io.opentelemetry:opentelemetry-sdk-metrics:jar:sources",
      "io.opentelemetry:opentelemetry-sdk-trace",
      "io.opentelemetry:opentelemetry-sdk-trace:jar:sources",
      "io.opentelemetry:opentelemetry-sdk:jar:sources",
      "io.opentelemetry:opentelemetry-semconv",
      "io.opentelemetry:opentelemetry-semconv:jar:sources",
      "io.ous:jtoml",
      "io.ous:jtoml:jar:sources",
      "junit:junit",
      "junit:junit:jar:sources",
      "net.bytebuddy:byte-buddy",
      "net.bytebuddy:byte-buddy-agent",
      "net.bytebuddy:byte-buddy-agent:jar:sources",
      "net.bytebuddy:byte-buddy:jar:sources",
      "org.apache.commons:commons-exec",
      "org.apache.commons:commons-exec:jar:sources",
      "org.asynchttpclient:async-http-client",
      "org.asynchttpclient:async-http-client-netty-utils",
      "org.asynchttpclient:async-http-client-netty-utils:jar:sources",
      "org.asynchttpclient:async-http-client:jar:sources",
      "org.checkerframework:checker-qual",
      "org.checkerframework:checker-qual:jar:sources",
      "org.hamcrest:hamcrest-core",
      "org.hamcrest:hamcrest-core:jar:sources",
      "org.mockito:mockito-core",
      "org.mockito:mockito-core:jar:sources",
      "org.objenesis:objenesis",
      "org.objenesis:objenesis:jar:sources",
      "org.ow2.asm:asm",
      "org.ow2.asm:asm:jar:sources",
      "org.reactivestreams:reactive-streams",
      "org.reactivestreams:reactive-streams:jar:sources",
      "org.seleniumhq.selenium:selenium-api",
      "org.seleniumhq.selenium:selenium-api:jar:sources",
      "org.seleniumhq.selenium:selenium-chrome-driver",
      "org.seleniumhq.selenium:selenium-chrome-driver:jar:sources",
      "org.seleniumhq.selenium:selenium-chromium-driver",
      "org.seleniumhq.selenium:selenium-chromium-driver:jar:sources",
      "org.seleniumhq.selenium:selenium-devtools-v102",
      "org.seleniumhq.selenium:selenium-devtools-v102:jar:sources",
      "org.seleniumhq.selenium:selenium-devtools-v103",
      "org.seleniumhq.selenium:selenium-devtools-v103:jar:sources",
      "org.seleniumhq.selenium:selenium-devtools-v104",
      "org.seleniumhq.selenium:selenium-devtools-v104:jar:sources",
      "org.seleniumhq.selenium:selenium-devtools-v85",
      "org.seleniumhq.selenium:selenium-devtools-v85:jar:sources",
      "org.seleniumhq.selenium:selenium-edge-driver",
      "org.seleniumhq.selenium:selenium-edge-driver:jar:sources",
      "org.seleniumhq.selenium:selenium-firefox-driver",
      "org.seleniumhq.selenium:selenium-firefox-driver:jar:sources",
      "org.seleniumhq.selenium:selenium-http",
      "org.seleniumhq.selenium:selenium-http:jar:sources",
      "org.seleniumhq.selenium:selenium-ie-driver",
      "org.seleniumhq.selenium:selenium-ie-driver:jar:sources",
      "org.seleniumhq.selenium:selenium-java",
      "org.seleniumhq.selenium:selenium-java:jar:sources",
      "org.seleniumhq.selenium:selenium-json",
      "org.seleniumhq.selenium:selenium-json:jar:sources",
      "org.seleniumhq.selenium:selenium-opera-driver",
      "org.seleniumhq.selenium:selenium-opera-driver:jar:sources",
      "org.seleniumhq.selenium:selenium-remote-driver",
      "org.seleniumhq.selenium:selenium-remote-driver:jar:sources",
      "org.seleniumhq.selenium:selenium-safari-driver",
      "org.seleniumhq.selenium:selenium-safari-driver:jar:sources",
      "org.seleniumhq.selenium:selenium-support",
      "org.seleniumhq.selenium:selenium-support:jar:sources",
      "org.slf4j:slf4j-api",
      "org.slf4j:slf4j-api:jar:sources"
    ]
  },
  "services": {
    "com.google.auto.service:auto-service": {
      "javax.annotation.processing.Processor": [
        "com.google.auto.service.processor.AutoServiceProcessor"
      ]
    },
    "com.google.auto.service:auto-service:jar:sources": {
      "javax.annotation.processing.Processor": [
        "com.google.auto.service.processor.AutoServiceProcessor"
      ]
    },
    "io.netty:netty-common": {
      "reactor.blockhound.integration.BlockHoundIntegration": [
        "io.netty.util.internal.Hidden$NettyBlockHoundIntegration"
      ]
    },
    "io.netty:netty-common:jar:sources": {
      "reactor.blockhound.integration.BlockHoundIntegration": [
        "io.netty.util.internal.Hidden$NettyBlockHoundIntegration"
      ]
    },
    "org.seleniumhq.selenium:selenium-chrome-driver": {
      "org.openqa.selenium.WebDriverInfo": [
        "org.openqa.selenium.chrome.ChromeDriverInfo"
      ],
      "org.openqa.selenium.remote.AdditionalHttpCommands": [
        "org.openqa.selenium.chrome.AddHasCasting",
        "org.openqa.selenium.chrome.AddHasCdp"
      ],
      "org.openqa.selenium.remote.AugmenterProvider": [
        "org.openqa.selenium.chrome.AddHasCasting",
        "org.openqa.selenium.chrome.AddHasCdp"
      ],
      "org.openqa.selenium.remote.service.DriverService$Builder": [
        "org.openqa.selenium.chrome.ChromeDriverService$Builder"
      ]
    },
    "org.seleniumhq.selenium:selenium-chromium-driver": {
      "org.openqa.selenium.remote.AdditionalHttpCommands": [
        "org.openqa.selenium.chromium.AddHasLaunchApp",
        "org.openqa.selenium.chromium.AddHasNetworkConditions",
        "org.openqa.selenium.chromium.AddHasPermissions"
      ],
      "org.openqa.selenium.remote.AugmenterProvider": [
        "org.openqa.selenium.chromium.AddHasLaunchApp",
        "org.openqa.selenium.chromium.AddHasNetworkConditions",
        "org.openqa.selenium.chromium.AddHasPermissions"
      ]
    },
    "org.seleniumhq.selenium:selenium-devtools-v102": {
      "org.openqa.selenium.devtools.CdpInfo": [
        "org.openqa.selenium.devtools.v102.V102CdpInfo"
      ]
    },
    "org.seleniumhq.selenium:selenium-devtools-v103": {
      "org.openqa.selenium.devtools.CdpInfo": [
        "org.openqa.selenium.devtools.v103.V103CdpInfo"
      ]
    },
    "org.seleniumhq.selenium:selenium-devtools-v104": {
      "org.openqa.selenium.devtools.CdpInfo": [
        "org.openqa.selenium.devtools.v104.V104CdpInfo"
      ]
    },
    "org.seleniumhq.selenium:selenium-devtools-v85": {
      "org.openqa.selenium.devtools.CdpInfo": [
        "org.openqa.selenium.devtools.v85.V85CdpInfo"
      ]
    },
    "org.seleniumhq.selenium:selenium-edge-driver": {
      "org.openqa.selenium.WebDriverInfo": [
        "org.openqa.selenium.edge.EdgeDriverInfo"
      ],
      "org.openqa.selenium.remote.AdditionalHttpCommands": [
        "org.openqa.selenium.edge.AddHasCasting",
        "org.openqa.selenium.edge.AddHasCdp"
      ],
      "org.openqa.selenium.remote.AugmenterProvider": [
        "org.openqa.selenium.edge.AddHasCasting",
        "org.openqa.selenium.edge.AddHasCdp"
      ],
      "org.openqa.selenium.remote.service.DriverService$Builder": [
        "org.openqa.selenium.edge.EdgeDriverService$Builder"
      ]
    },
    "org.seleniumhq.selenium:selenium-firefox-driver": {
      "org.openqa.selenium.WebDriverInfo": [
        "org.openqa.selenium.firefox.GeckoDriverInfo"
      ],
      "org.openqa.selenium.remote.AdditionalHttpCommands": [
        "org.openqa.selenium.firefox.AddHasContext",
        "org.openqa.selenium.firefox.AddHasExtensions",
        "org.openqa.selenium.firefox.AddHasFullPageScreenshot"
      ],
      "org.openqa.selenium.remote.AugmenterProvider": [
        "org.openqa.selenium.bidi.BiDiProvider",
        "org.openqa.selenium.firefox.AddHasContext",
        "org.openqa.selenium.firefox.AddHasExtensions",
        "org.openqa.selenium.firefox.AddHasFullPageScreenshot"
      ],
      "org.openqa.selenium.remote.service.DriverService$Builder": [
        "org.openqa.selenium.firefox.GeckoDriverService$Builder"
      ]
    },
    "org.seleniumhq.selenium:selenium-ie-driver": {
      "org.openqa.selenium.WebDriverInfo": [
        "org.openqa.selenium.ie.InternetExplorerDriverInfo"
      ],
      "org.openqa.selenium.remote.service.DriverService$Builder": [
        "org.openqa.selenium.ie.InternetExplorerDriverService$Builder"
      ]
    },
    "org.seleniumhq.selenium:selenium-opera-driver": {
      "org.openqa.selenium.WebDriverInfo": [
        "org.openqa.selenium.opera.OperaDriverInfo"
      ],
      "org.openqa.selenium.remote.service.DriverService$Builder": [
        "org.openqa.selenium.opera.OperaDriverService$Builder"
      ]
    },
    "org.seleniumhq.selenium:selenium-remote-driver": {
      "org.openqa.selenium.remote.AugmenterProvider": [
        "org.openqa.selenium.devtools.DevToolsProvider"
      ],
      "org.openqa.selenium.remote.http.HttpClient$Factory": [
        "org.openqa.selenium.remote.http.netty.NettyClient$Factory"
      ]
    },
    "org.seleniumhq.selenium:selenium-safari-driver": {
      "org.openqa.selenium.WebDriverInfo": [
        "org.openqa.selenium.safari.SafariDriverInfo",
        "org.openqa.selenium.safari.SafariTechPreviewDriverInfo"
      ],
      "org.openqa.selenium.remote.AdditionalHttpCommands": [
        "org.openqa.selenium.safari.AddHasDebugger",
        "org.openqa.selenium.safari.AddHasPermissions"
      ],
      "org.openqa.selenium.remote.AugmenterProvider": [
        "org.openqa.selenium.safari.AddHasDebugger",
        "org.openqa.selenium.safari.AddHasPermissions"
      ],
      "org.openqa.selenium.remote.service.DriverService$Builder": [
        "org.openqa.selenium.safari.SafariDriverService$Builder",
        "org.openqa.selenium.safari.SafariTechPreviewDriverService$Builder"
      ]
    },
    "org.seleniumhq.selenium:selenium-support": {
      "org.openqa.selenium.remote.locators.CustomLocator": [
        "org.openqa.selenium.support.locators.RelativeLocatorServerSide"
      ]
    }
  },
  "skipped": [
    "com.google.guava:listenablefuture:jar:sources"
  ],
  "version": "2"
}
