{
  "__AUTOGENERATED_FILE_DO_NOT_MODIFY_THIS_FILE_MANUALLY": "THERE_IS_NO_DATA_ONLY_ZUUL",
  "__INPUT_ARTIFACTS_HASH": 1994476565,
  "__RESOLVED_ARTIFACTS_HASH": -274973469,
  "conflict_resolution": {
    "com.google.errorprone:error_prone_annotations:2.23.0": "com.google.errorprone:error_prone_annotations:2.41.0",
    "com.google.guava:guava:33.0.0-jre": "com.google.guava:guava:33.5.0-jre",
    "com.google.protobuf:protobuf-java:4.27.2": "com.google.protobuf:protobuf-java:4.31.0"
  },
  "artifacts": {
    "com.google.auto.value:auto-value-annotations": {
      "shasums": {
        "jar": "e1c45e6beadaef9797cb0d9afd5a45621ad061cd8632012f85582853a3887825"
      },
      "version": "1.10.4"
    },
    "com.google.code.findbugs:jsr305": {
      "shasums": {
        "jar": "766ad2a0783f2687962c8ad74ceecc38a28b9f72a2d085ee438b7813e928d0c7"
      },
      "version": "3.0.2"
    },
    "com.google.code.gson:gson": {
      "shasums": {
        "jar": "4241c14a7727c34feea6507ec801318a3d4a90f070e4525681079fb94ee4c593"
      },
      "version": "2.10.1"
    },
    "com.google.errorprone:error_prone_annotations": {
      "shasums": {
        "jar": "a56e782b5b50811ac204073a355a21d915a2107fce13ec711331ad036f660fcc"
      },
      "version": "2.41.0"
    },
    "com.google.guava:failureaccess": {
      "shasums": {
        "jar": "cbfc3906b19b8f55dd7cfd6dfe0aa4532e834250d7f080bd8d211a3e246b59cb"
      },
      "version": "1.0.3"
    },
    "com.google.guava:guava": {
      "shasums": {
        "jar": "1e301f0c52ac248b0b14fdc3d12283c77252d4d6f48521d572e7d8c4c2cc4ac7"
      },
      "version": "33.5.0-jre"
    },
    "com.google.guava:listenablefuture": {
      "shasums": {
        "jar": "b372a037d4230aa57fbeffdef30fd6123f9c0c2db85d0aced00c91b974f33f99"
      },
      "version": "9999.0-empty-to-avoid-conflict-with-guava"
    },
    "com.google.j2objc:j2objc-annotations": {
      "shasums": {
        "jar": "84d3a150518485f8140ea99b8a985656749629f6433c92b80c75b36aba3b099b"
      },
      "version": "3.1"
    },
    "com.google.protobuf:protobuf-java": {
      "shasums": {
        "jar": "68773dccd6cc5835af7a748759cecf5ea20ff083136e3847fbe94572b8e0ed6a"
      },
      "version": "4.31.0"
    },
    "com.google.protobuf:protobuf-java-util": {
      "shasums": {
        "jar": "a2665294d3e4675482bde593df8283f8c965f0207785e8e9b223f790644f5b08"
      },
      "version": "4.27.2"
    },
    "com.google.truth:truth": {
      "shasums": {
        "jar": "235c28e96ee6701ab01cc852fb294cb0f34756f636a8154b9aef08fb1215bbc4"
      },
      "version": "1.4.0"
    },
    "io.netty:netty-tcnative-boringssl-static": {
      "shasums": {
        "jar": "b6f974972c44cd6f9cecabc255290286faac40b6393c66c3c3c0db7f421cc28e",
        "linux-aarch_64": "3614395218ae379cec22ccaa089c4f27b9329a660e0d53c93e7cb12b7a2cee46",
        "linux-x86_64": "4ff9d14f1ec6ccee35b78f53a6f3d9c7c54535aa2a76138311c2f619c5e150e1",
        "osx-aarch_64": "58e0302c9fde3db984c3ff7ee7ec7159dc0320bdb91533cc290e12e40911cd1a",
        "osx-x86_64": "fcfea887f4f0802d363c699b444d504b7109a7cb198ae6845eeff63745e5b0ba",
        "windows-x86_64": "17cd2fa3c63b7ed23edea01c945e55cb7baed1faa0f553732c3f5f56da90b3e0"
      },
      "version": "2.0.61.Final"
    },
    "io.netty:netty-tcnative-classes": {
      "shasums": {
        "jar": "9b970eccd844bfae175a5cbbf7bf94891894add06d6ccbe1abf2250cd64080f6"
      },
      "version": "2.0.61.Final"
    },
    "junit:junit": {
      "shasums": {
        "jar": "8e495b634469d64fb8acfa3495a065cbacc8a0fff55ce1e31007be4c16dc57d3"
      },
      "version": "4.13.2"
    },
    "net.bytebuddy:byte-buddy": {
      "shasums": {
        "jar": "e99761a526df0fefbbd3fe14436b0f953000cdfa5151dc63c0b18d37d9c46f1c"
      },
      "version": "1.14.5"
    },
    "net.bytebuddy:byte-buddy-agent": {
      "shasums": {
        "jar": "55f19862b870f5d85890ba5386b1b45e9bbc88d5fe1f819abe0c788b4929fa6b"
      },
      "version": "1.14.5"
    },
    "org.checkerframework:checker-qual": {
      "shasums": {
        "jar": "ccaedd33af0b7894d9f2f3b644f4d19e43928e32902e61ac4d10777830f5aac7"
      },
      "version": "3.42.0"
    },
    "org.hamcrest:hamcrest": {
      "shasums": {
        "jar": "ba93b2e3a562322ba432f0a1b53addcc55cb188253319a020ed77f824e692050"
      },
      "version": "2.1"
    },
    "org.hamcrest:hamcrest-core": {
      "shasums": {
        "jar": "e09109e54a289d88506b9bfec987ddd199f4217c9464132668351b9a4f00bee9"
      },
      "version": "2.1"
    },
    "org.jspecify:jspecify": {
      "shasums": {
        "jar": "1fad6e6be7557781e4d33729d49ae1cdc8fdda6fe477bb0cc68ce351eafdfbab"
      },
      "version": "1.0.0"
    },
    "org.mockito:mockito-core": {
      "shasums": {
        "jar": "b1689b06617ea01fd777bfaedbdde512faf083d639a049f79b388d5a4e96d2e5"
      },
      "version": "5.4.0"
    },
    "org.objenesis:objenesis": {
      "shasums": {
        "jar": "02dfd0b0439a5591e35b708ed2f5474eb0948f53abf74637e959b8e4ef69bfeb"
      },
      "version": "3.3"
    },
    "org.ow2.asm:asm": {
      "shasums": {
        "jar": "3c6fac2424db3d4a853b669f4e3d1d9c3c552235e19a319673f887083c2303a1"
      },
      "version": "9.6"
    }
  },
  "dependencies": {
    "com.google.guava:guava": [
      "com.google.errorprone:error_prone_annotations",
      "com.google.guava:failureaccess",
      "com.google.guava:listenablefuture",
      "com.google.j2objc:j2objc-annotations",
      "org.jspecify:jspecify"
    ],
    "com.google.protobuf:protobuf-java-util": [
      "com.google.code.findbugs:jsr305",
      "com.google.code.gson:gson",
      "com.google.errorprone:error_prone_annotations",
      "com.google.guava:guava",
      "com.google.j2objc:j2objc-annotations",
      "com.google.protobuf:protobuf-java"
    ],
    "com.google.truth:truth": [
      "com.google.auto.value:auto-value-annotations",
      "com.google.errorprone:error_prone_annotations",
      "com.google.guava:guava",
      "junit:junit",
      "org.checkerframework:checker-qual",
      "org.ow2.asm:asm"
    ],
    "io.netty:netty-tcnative-boringssl-static": [
      "io.netty:netty-tcnative-boringssl-static:jar:linux-aarch_64",
      "io.netty:netty-tcnative-boringssl-static:jar:linux-x86_64",
      "io.netty:netty-tcnative-boringssl-static:jar:osx-aarch_64",
      "io.netty:netty-tcnative-boringssl-static:jar:osx-x86_64",
      "io.netty:netty-tcnative-boringssl-static:jar:windows-x86_64",
      "io.netty:netty-tcnative-classes"
    ],
    "io.netty:netty-tcnative-boringssl-static:jar:linux-aarch_64": [
      "io.netty:netty-tcnative-boringssl-static:jar:linux-x86_64",
      "io.netty:netty-tcnative-boringssl-static:jar:osx-aarch_64",
      "io.netty:netty-tcnative-boringssl-static:jar:osx-x86_64",
      "io.netty:netty-tcnative-boringssl-static:jar:windows-x86_64",
      "io.netty:netty-tcnative-classes"
    ],
    "io.netty:netty-tcnative-boringssl-static:jar:linux-x86_64": [
      "io.netty:netty-tcnative-boringssl-static:jar:linux-aarch_64",
      "io.netty:netty-tcnative-boringssl-static:jar:osx-aarch_64",
      "io.netty:netty-tcnative-boringssl-static:jar:osx-x86_64",
      "io.netty:netty-tcnative-boringssl-static:jar:windows-x86_64",
      "io.netty:netty-tcnative-classes"
    ],
    "io.netty:netty-tcnative-boringssl-static:jar:osx-aarch_64": [
      "io.netty:netty-tcnative-boringssl-static:jar:linux-aarch_64",
      "io.netty:netty-tcnative-boringssl-static:jar:linux-x86_64",
      "io.netty:netty-tcnative-boringssl-static:jar:osx-x86_64",
      "io.netty:netty-tcnative-boringssl-static:jar:windows-x86_64",
      "io.netty:netty-tcnative-classes"
    ],
    "io.netty:netty-tcnative-boringssl-static:jar:osx-x86_64": [
      "io.netty:netty-tcnative-boringssl-static:jar:linux-aarch_64",
      "io.netty:netty-tcnative-boringssl-static:jar:linux-x86_64",
      "io.netty:netty-tcnative-boringssl-static:jar:osx-aarch_64",
      "io.netty:netty-tcnative-boringssl-static:jar:windows-x86_64",
      "io.netty:netty-tcnative-classes"
    ],
    "io.netty:netty-tcnative-boringssl-static:jar:windows-x86_64": [
      "io.netty:netty-tcnative-boringssl-static:jar:linux-aarch_64",
      "io.netty:netty-tcnative-boringssl-static:jar:linux-x86_64",
      "io.netty:netty-tcnative-boringssl-static:jar:osx-aarch_64",
      "io.netty:netty-tcnative-boringssl-static:jar:osx-x86_64",
      "io.netty:netty-tcnative-classes"
    ],
    "junit:junit": [
      "org.hamcrest:hamcrest-core"
    ],
    "org.hamcrest:hamcrest-core": [
      "org.hamcrest:hamcrest"
    ],
    "org.mockito:mockito-core": [
      "net.bytebuddy:byte-buddy",
      "net.bytebuddy:byte-buddy-agent",
      "org.objenesis:objenesis"
    ]
  },
  "packages": {
    "com.google.auto.value:auto-value-annotations": [
      "com.google.auto.value",
      "com.google.auto.value.extension.memoized",
      "com.google.auto.value.extension.serializable",
      "com.google.auto.value.extension.toprettystring"
    ],
    "com.google.code.findbugs:jsr305": [
      "javax.annotation",
      "javax.annotation.concurrent",
      "javax.annotation.meta"
    ],
    "com.google.code.gson:gson": [
      "com.google.gson",
      "com.google.gson.annotations",
      "com.google.gson.internal",
      "com.google.gson.internal.bind",
      "com.google.gson.internal.bind.util",
      "com.google.gson.internal.reflect",
      "com.google.gson.internal.sql",
      "com.google.gson.reflect",
      "com.google.gson.stream"
    ],
    "com.google.errorprone:error_prone_annotations": [
      "com.google.errorprone.annotations",
      "com.google.errorprone.annotations.concurrent"
    ],
    "com.google.guava:failureaccess": [
      "com.google.common.util.concurrent.internal"
    ],
    "com.google.guava:guava": [
      "com.google.common.annotations",
      "com.google.common.base",
      "com.google.common.base.internal",
      "com.google.common.cache",
      "com.google.common.collect",
      "com.google.common.escape",
      "com.google.common.eventbus",
      "com.google.common.graph",
      "com.google.common.hash",
      "com.google.common.html",
      "com.google.common.io",
      "com.google.common.math",
      "com.google.common.net",
      "com.google.common.primitives",
      "com.google.common.reflect",
      "com.google.common.util.concurrent",
      "com.google.common.xml",
      "com.google.thirdparty.publicsuffix"
    ],
    "com.google.j2objc:j2objc-annotations": [
      "com.google.j2objc.annotations"
    ],
    "com.google.protobuf:protobuf-java": [
      "com.google.protobuf",
      "com.google.protobuf.compiler"
    ],
    "com.google.protobuf:protobuf-java-util": [
      "com.google.protobuf.util"
    ],
    "com.google.truth:truth": [
      "com.google.common.truth"
    ],
    "io.netty:netty-tcnative-classes": [
      "io.netty.internal.tcnative"
    ],
    "junit:junit": [
      "junit.extensions",
      "junit.framework",
      "junit.runner",
      "junit.textui",
      "org.junit",
      "org.junit.experimental",
      "org.junit.experimental.categories",
      "org.junit.experimental.max",
      "org.junit.experimental.results",
      "org.junit.experimental.runners",
      "org.junit.experimental.theories",
      "org.junit.experimental.theories.internal",
      "org.junit.experimental.theories.suppliers",
      "org.junit.function",
      "org.junit.internal",
      "org.junit.internal.builders",
      "org.junit.internal.management",
      "org.junit.internal.matchers",
      "org.junit.internal.requests",
      "org.junit.internal.runners",
      "org.junit.internal.runners.model",
      "org.junit.internal.runners.rules",
      "org.junit.internal.runners.statements",
      "org.junit.matchers",
      "org.junit.rules",
      "org.junit.runner",
      "org.junit.runner.manipulation",
      "org.junit.runner.notification",
      "org.junit.runners",
      "org.junit.runners.model",
      "org.junit.runners.parameterized",
      "org.junit.validator"
    ],
    "net.bytebuddy:byte-buddy": [
      "net.bytebuddy",
      "net.bytebuddy.agent.builder",
      "net.bytebuddy.asm",
      "net.bytebuddy.build",
      "net.bytebuddy.description",
      "net.bytebuddy.description.annotation",
      "net.bytebuddy.description.enumeration",
      "net.bytebuddy.description.field",
      "net.bytebuddy.description.method",
      "net.bytebuddy.description.modifier",
      "net.bytebuddy.description.type",
      "net.bytebuddy.dynamic",
      "net.bytebuddy.dynamic.loading",
      "net.bytebuddy.dynamic.scaffold",
      "net.bytebuddy.dynamic.scaffold.inline",
      "net.bytebuddy.dynamic.scaffold.subclass",
      "net.bytebuddy.implementation",
      "net.bytebuddy.implementation.attribute",
      "net.bytebuddy.implementation.auxiliary",
      "net.bytebuddy.implementation.bind",
      "net.bytebuddy.implementation.bind.annotation",
      "net.bytebuddy.implementation.bytecode",
      "net.bytebuddy.implementation.bytecode.assign",
      "net.bytebuddy.implementation.bytecode.assign.primitive",
      "net.bytebuddy.implementation.bytecode.assign.reference",
      "net.bytebuddy.implementation.bytecode.collection",
      "net.bytebuddy.implementation.bytecode.constant",
      "net.bytebuddy.implementation.bytecode.member",
      "net.bytebuddy.jar.asm",
      "net.bytebuddy.jar.asm.commons",
      "net.bytebuddy.jar.asm.signature",
      "net.bytebuddy.matcher",
      "net.bytebuddy.pool",
      "net.bytebuddy.utility",
      "net.bytebuddy.utility.dispatcher",
      "net.bytebuddy.utility.nullability",
      "net.bytebuddy.utility.privilege",
      "net.bytebuddy.utility.visitor"
    ],
    "net.bytebuddy:byte-buddy-agent": [
      "net.bytebuddy.agent",
      "net.bytebuddy.agent.utility.nullability"
    ],
    "org.checkerframework:checker-qual": [
      "org.checkerframework.checker.builder.qual",
      "org.checkerframework.checker.calledmethods.qual",
      "org.checkerframework.checker.compilermsgs.qual",
      "org.checkerframework.checker.fenum.qual",
      "org.checkerframework.checker.formatter.qual",
      "org.checkerframework.checker.guieffect.qual",
      "org.checkerframework.checker.i18n.qual",
      "org.checkerframework.checker.i18nformatter.qual",
      "org.checkerframework.checker.index.qual",
      "org.checkerframework.checker.initialization.qual",
      "org.checkerframework.checker.interning.qual",
      "org.checkerframework.checker.lock.qual",
      "org.checkerframework.checker.mustcall.qual",
      "org.checkerframework.checker.nullness.qual",
      "org.checkerframework.checker.optional.qual",
      "org.checkerframework.checker.propkey.qual",
      "org.checkerframework.checker.regex.qual",
      "org.checkerframework.checker.signature.qual",
      "org.checkerframework.checker.signedness.qual",
      "org.checkerframework.checker.tainting.qual",
      "org.checkerframework.checker.units.qual",
      "org.checkerframework.common.aliasing.qual",
      "org.checkerframework.common.initializedfields.qual",
      "org.checkerframework.common.reflection.qual",
      "org.checkerframework.common.returnsreceiver.qual",
      "org.checkerframework.common.subtyping.qual",
      "org.checkerframework.common.util.count.report.qual",
      "org.checkerframework.common.value.qual",
      "org.checkerframework.dataflow.qual",
      "org.checkerframework.framework.qual"
    ],
    "org.hamcrest:hamcrest": [
      "org.hamcrest",
      "org.hamcrest.beans",
      "org.hamcrest.collection",
      "org.hamcrest.comparator",
      "org.hamcrest.core",
      "org.hamcrest.internal",
      "org.hamcrest.io",
      "org.hamcrest.number",
      "org.hamcrest.object",
      "org.hamcrest.text",
      "org.hamcrest.xml"
    ],
    "org.hamcrest:hamcrest-core": [
      "org.hamcrest"
    ],
    "org.jspecify:jspecify": [
      "org.jspecify.annotations"
    ],
    "org.mockito:mockito-core": [
      "org.mockito",
      "org.mockito.codegen",
      "org.mockito.configuration",
      "org.mockito.creation.instance",
      "org.mockito.exceptions.base",
      "org.mockito.exceptions.misusing",
      "org.mockito.exceptions.stacktrace",
      "org.mockito.exceptions.verification",
      "org.mockito.exceptions.verification.junit",
      "org.mockito.exceptions.verification.opentest4j",
      "org.mockito.hamcrest",
      "org.mockito.internal",
      "org.mockito.internal.configuration",
      "org.mockito.internal.configuration.injection",
      "org.mockito.internal.configuration.injection.filter",
      "org.mockito.internal.configuration.injection.scanner",
      "org.mockito.internal.configuration.plugins",
      "org.mockito.internal.creation",
      "org.mockito.internal.creation.bytebuddy",
      "org.mockito.internal.creation.instance",
      "org.mockito.internal.creation.proxy",
      "org.mockito.internal.creation.settings",
      "org.mockito.internal.creation.util",
      "org.mockito.internal.debugging",
      "org.mockito.internal.exceptions",
      "org.mockito.internal.exceptions.stacktrace",
      "org.mockito.internal.exceptions.util",
      "org.mockito.internal.framework",
      "org.mockito.internal.hamcrest",
      "org.mockito.internal.handler",
      "org.mockito.internal.invocation",
      "org.mockito.internal.invocation.finder",
      "org.mockito.internal.invocation.mockref",
      "org.mockito.internal.junit",
      "org.mockito.internal.listeners",
      "org.mockito.internal.matchers",
      "org.mockito.internal.matchers.apachecommons",
      "org.mockito.internal.matchers.text",
      "org.mockito.internal.progress",
      "org.mockito.internal.reporting",
      "org.mockito.internal.runners",
      "org.mockito.internal.runners.util",
      "org.mockito.internal.session",
      "org.mockito.internal.stubbing",
      "org.mockito.internal.stubbing.answers",
      "org.mockito.internal.stubbing.defaultanswers",
      "org.mockito.internal.util",
      "org.mockito.internal.util.collections",
      "org.mockito.internal.util.concurrent",
      "org.mockito.internal.util.io",
      "org.mockito.internal.util.reflection",
      "org.mockito.internal.verification",
      "org.mockito.internal.verification.api",
      "org.mockito.internal.verification.argumentmatching",
      "org.mockito.internal.verification.checkers",
      "org.mockito.invocation",
      "org.mockito.junit",
      "org.mockito.listeners",
      "org.mockito.mock",
      "org.mockito.plugins",
      "org.mockito.quality",
      "org.mockito.session",
      "org.mockito.stubbing",
      "org.mockito.verification"
    ],
    "org.objenesis:objenesis": [
      "org.objenesis",
      "org.objenesis.instantiator",
      "org.objenesis.instantiator.android",
      "org.objenesis.instantiator.annotations",
      "org.objenesis.instantiator.basic",
      "org.objenesis.instantiator.gcj",
      "org.objenesis.instantiator.perc",
      "org.objenesis.instantiator.sun",
      "org.objenesis.instantiator.util",
      "org.objenesis.strategy"
    ],
    "org.ow2.asm:asm": [
      "org.objectweb.asm",
      "org.objectweb.asm.signature"
    ]
  },
  "repositories": {
    "https://repo1.maven.org/maven2/": [
      "com.google.auto.value:auto-value-annotations",
      "com.google.code.findbugs:jsr305",
      "com.google.code.gson:gson",
      "com.google.errorprone:error_prone_annotations",
      "com.google.guava:failureaccess",
      "com.google.guava:guava",
      "com.google.guava:listenablefuture",
      "com.google.j2objc:j2objc-annotations",
      "com.google.protobuf:protobuf-java",
      "com.google.protobuf:protobuf-java-util",
      "com.google.truth:truth",
      "io.netty:netty-tcnative-boringssl-static",
      "io.netty:netty-tcnative-boringssl-static:jar:linux-aarch_64",
      "io.netty:netty-tcnative-boringssl-static:jar:linux-x86_64",
      "io.netty:netty-tcnative-boringssl-static:jar:osx-aarch_64",
      "io.netty:netty-tcnative-boringssl-static:jar:osx-x86_64",
      "io.netty:netty-tcnative-boringssl-static:jar:windows-x86_64",
      "io.netty:netty-tcnative-classes",
      "junit:junit",
      "net.bytebuddy:byte-buddy",
      "net.bytebuddy:byte-buddy-agent",
      "org.checkerframework:checker-qual",
      "org.hamcrest:hamcrest",
      "org.hamcrest:hamcrest-core",
      "org.jspecify:jspecify",
      "org.mockito:mockito-core",
      "org.objenesis:objenesis",
      "org.ow2.asm:asm"
    ]
  },
  "services": {},
  "version": "2"
}
