{
    "dependency_tree": {
        "__AUTOGENERATED_FILE_DO_NOT_MODIFY_THIS_FILE_MANUALLY": "THERE_IS_NO_DATA_ONLY_ZUUL",
        "__INPUT_ARTIFACTS_HASH": -835813265,
        "__RESOLVED_ARTIFACTS_HASH": -639039129,
        "conflict_resolution": {},
        "dependencies": [
            {
                "coord": "ch.qos.logback:logback-classic:1.2.3",
                "dependencies": [
                    "ch.qos.logback:logback-core:1.2.3",
                    "org.slf4j:slf4j-api:1.7.25"
                ],
                "directDependencies": [
                    "ch.qos.logback:logback-core:1.2.3",
                    "org.slf4j:slf4j-api:1.7.25"
                ],
                "file": "v1/https/repo1.maven.org/maven2/ch/qos/logback/logback-classic/1.2.3/logback-classic-1.2.3.jar",
                "mirror_urls": [
                    "https://repo1.maven.org/maven2/ch/qos/logback/logback-classic/1.2.3/logback-classic-1.2.3.jar"
                ],
                "sha256": "fb53f8539e7fcb8f093a56e138112056ec1dc809ebb020b59d8a36a5ebac37e0",
                "url": "https://repo1.maven.org/maven2/ch/qos/logback/logback-classic/1.2.3/logback-classic-1.2.3.jar"
            },
            {
                "coord": "ch.qos.logback:logback-classic:jar:sources:1.2.3",
                "dependencies": [
                    "ch.qos.logback:logback-core:jar:sources:1.2.3",
                    "org.slf4j:slf4j-api:jar:sources:1.7.25"
                ],
                "directDependencies": [
                    "ch.qos.logback:logback-core:jar:sources:1.2.3",
                    "org.slf4j:slf4j-api:jar:sources:1.7.25"
                ],
                "file": "v1/https/repo1.maven.org/maven2/ch/qos/logback/logback-classic/1.2.3/logback-classic-1.2.3-sources.jar",
                "mirror_urls": [
                    "https://repo1.maven.org/maven2/ch/qos/logback/logback-classic/1.2.3/logback-classic-1.2.3-sources.jar"
                ],
                "sha256": "480cb5e99519271c9256716d4be1a27054047435ff72078d9deae5c6a19f63eb",
                "url": "https://repo1.maven.org/maven2/ch/qos/logback/logback-classic/1.2.3/logback-classic-1.2.3-sources.jar"
            },
            {
                "coord": "ch.qos.logback:logback-core:1.2.3",
                "dependencies": [],
                "directDependencies": [],
                "file": "v1/https/repo1.maven.org/maven2/ch/qos/logback/logback-core/1.2.3/logback-core-1.2.3.jar",
                "mirror_urls": [
                    "https://repo1.maven.org/maven2/ch/qos/logback/logback-core/1.2.3/logback-core-1.2.3.jar"
                ],
                "sha256": "5946d837fe6f960c02a53eda7a6926ecc3c758bbdd69aa453ee429f858217f22",
                "url": "https://repo1.maven.org/maven2/ch/qos/logback/logback-core/1.2.3/logback-core-1.2.3.jar"
            },
            {
                "coord": "ch.qos.logback:logback-core:jar:sources:1.2.3",
                "dependencies": [],
                "directDependencies": [],
                "file": "v1/https/repo1.maven.org/maven2/ch/qos/logback/logback-core/1.2.3/logback-core-1.2.3-sources.jar",
                "mirror_urls": [
                    "https://repo1.maven.org/maven2/ch/qos/logback/logback-core/1.2.3/logback-core-1.2.3-sources.jar"
                ],
                "sha256": "1f69b6b638ec551d26b10feeade5a2b77abe347f9759da95022f0da9a63a9971",
                "url": "https://repo1.maven.org/maven2/ch/qos/logback/logback-core/1.2.3/logback-core-1.2.3-sources.jar"
            },
            {
                "coord": "com.fasterxml.jackson.core:jackson-annotations:2.9.0",
                "dependencies": [],
                "directDependencies": [],
                "file": "v1/https/repo1.maven.org/maven2/com/fasterxml/jackson/core/jackson-annotations/2.9.0/jackson-annotations-2.9.0.jar",
                "mirror_urls": [
                    "https://repo1.maven.org/maven2/com/fasterxml/jackson/core/jackson-annotations/2.9.0/jackson-annotations-2.9.0.jar"
                ],
                "sha256": "45d32ac61ef8a744b464c54c2b3414be571016dd46bfc2bec226761cf7ae457a",
                "url": "https://repo1.maven.org/maven2/com/fasterxml/jackson/core/jackson-annotations/2.9.0/jackson-annotations-2.9.0.jar"
            },
            {
                "coord": "com.fasterxml.jackson.core:jackson-annotations:jar:sources:2.9.0",
                "dependencies": [],
                "directDependencies": [],
                "file": "v1/https/repo1.maven.org/maven2/com/fasterxml/jackson/core/jackson-annotations/2.9.0/jackson-annotations-2.9.0-sources.jar",
                "mirror_urls": [
                    "https://repo1.maven.org/maven2/com/fasterxml/jackson/core/jackson-annotations/2.9.0/jackson-annotations-2.9.0-sources.jar"
                ],
                "sha256": "eb1e62bc83f4d8e1f0660c9cf2f06d6d196eefb20de265cfff96521015d87020",
                "url": "https://repo1.maven.org/maven2/com/fasterxml/jackson/core/jackson-annotations/2.9.0/jackson-annotations-2.9.0-sources.jar"
            },
            {
                "coord": "com.fasterxml.jackson.core:jackson-core:2.9.8",
                "dependencies": [],
                "directDependencies": [],
                "file": "v1/https/repo1.maven.org/maven2/com/fasterxml/jackson/core/jackson-core/2.9.8/jackson-core-2.9.8.jar",
                "mirror_urls": [
                    "https://repo1.maven.org/maven2/com/fasterxml/jackson/core/jackson-core/2.9.8/jackson-core-2.9.8.jar"
                ],
                "sha256": "d934dab0bd48994eeea2c1b493cb547158a338a80b58c4fbc8e85fb0905e105f",
                "url": "https://repo1.maven.org/maven2/com/fasterxml/jackson/core/jackson-core/2.9.8/jackson-core-2.9.8.jar"
            },
            {
                "coord": "com.fasterxml.jackson.core:jackson-core:jar:sources:2.9.8",
                "dependencies": [],
                "directDependencies": [],
                "file": "v1/https/repo1.maven.org/maven2/com/fasterxml/jackson/core/jackson-core/2.9.8/jackson-core-2.9.8-sources.jar",
                "mirror_urls": [
                    "https://repo1.maven.org/maven2/com/fasterxml/jackson/core/jackson-core/2.9.8/jackson-core-2.9.8-sources.jar"
                ],
                "sha256": "4ab3c312f46ddf259de240515c301c99c3a478a749d0ecaaf4395a157a646b33",
                "url": "https://repo1.maven.org/maven2/com/fasterxml/jackson/core/jackson-core/2.9.8/jackson-core-2.9.8-sources.jar"
            },
            {
                "coord": "com.fasterxml.jackson.core:jackson-databind:2.9.8",
                "dependencies": [
                    "com.fasterxml.jackson.core:jackson-annotations:2.9.0",
                    "com.fasterxml.jackson.core:jackson-core:2.9.8"
                ],
                "directDependencies": [
                    "com.fasterxml.jackson.core:jackson-annotations:2.9.0",
                    "com.fasterxml.jackson.core:jackson-core:2.9.8"
                ],
                "file": "v1/https/repo1.maven.org/maven2/com/fasterxml/jackson/core/jackson-databind/2.9.8/jackson-databind-2.9.8.jar",
                "mirror_urls": [
                    "https://repo1.maven.org/maven2/com/fasterxml/jackson/core/jackson-databind/2.9.8/jackson-databind-2.9.8.jar"
                ],
                "sha256": "2351c3eba73a545db9079f5d6d768347ad72666537362c8220fe3e950a55a864",
                "url": "https://repo1.maven.org/maven2/com/fasterxml/jackson/core/jackson-databind/2.9.8/jackson-databind-2.9.8.jar"
            },
            {
                "coord": "com.fasterxml.jackson.core:jackson-databind:jar:sources:2.9.8",
                "dependencies": [
                    "com.fasterxml.jackson.core:jackson-annotations:jar:sources:2.9.0",
                    "com.fasterxml.jackson.core:jackson-core:jar:sources:2.9.8"
                ],
                "directDependencies": [
                    "com.fasterxml.jackson.core:jackson-annotations:jar:sources:2.9.0",
                    "com.fasterxml.jackson.core:jackson-core:jar:sources:2.9.8"
                ],
                "file": "v1/https/repo1.maven.org/maven2/com/fasterxml/jackson/core/jackson-databind/2.9.8/jackson-databind-2.9.8-sources.jar",
                "mirror_urls": [
                    "https://repo1.maven.org/maven2/com/fasterxml/jackson/core/jackson-databind/2.9.8/jackson-databind-2.9.8-sources.jar"
                ],
                "sha256": "d6b099786ebb86566c44b15b09fde8ba2055f84ca7e98c63677ba8219f04d580",
                "url": "https://repo1.maven.org/maven2/com/fasterxml/jackson/core/jackson-databind/2.9.8/jackson-databind-2.9.8-sources.jar"
            },
            {
                "coord": "com.fasterxml.jackson.datatype:jackson-datatype-jdk8:2.9.8",
                "dependencies": [
                    "com.fasterxml.jackson.core:jackson-annotations:2.9.0",
                    "com.fasterxml.jackson.core:jackson-core:2.9.8",
                    "com.fasterxml.jackson.core:jackson-databind:2.9.8"
                ],
                "directDependencies": [
                    "com.fasterxml.jackson.core:jackson-core:2.9.8",
                    "com.fasterxml.jackson.core:jackson-databind:2.9.8"
                ],
                "file": "v1/https/repo1.maven.org/maven2/com/fasterxml/jackson/datatype/jackson-datatype-jdk8/2.9.8/jackson-datatype-jdk8-2.9.8.jar",
                "mirror_urls": [
                    "https://repo1.maven.org/maven2/com/fasterxml/jackson/datatype/jackson-datatype-jdk8/2.9.8/jackson-datatype-jdk8-2.9.8.jar"
                ],
                "sha256": "6d0e43d927c63b25d94130dc95d9b26c031e4516a2b1dfb984dea99bfd49b003",
                "url": "https://repo1.maven.org/maven2/com/fasterxml/jackson/datatype/jackson-datatype-jdk8/2.9.8/jackson-datatype-jdk8-2.9.8.jar"
            },
            {
                "coord": "com.fasterxml.jackson.datatype:jackson-datatype-jdk8:jar:sources:2.9.8",
                "dependencies": [
                    "com.fasterxml.jackson.core:jackson-annotations:jar:sources:2.9.0",
                    "com.fasterxml.jackson.core:jackson-core:jar:sources:2.9.8",
                    "com.fasterxml.jackson.core:jackson-databind:jar:sources:2.9.8"
                ],
                "directDependencies": [
                    "com.fasterxml.jackson.core:jackson-core:jar:sources:2.9.8",
                    "com.fasterxml.jackson.core:jackson-databind:jar:sources:2.9.8"
                ],
                "file": "v1/https/repo1.maven.org/maven2/com/fasterxml/jackson/datatype/jackson-datatype-jdk8/2.9.8/jackson-datatype-jdk8-2.9.8-sources.jar",
                "mirror_urls": [
                    "https://repo1.maven.org/maven2/com/fasterxml/jackson/datatype/jackson-datatype-jdk8/2.9.8/jackson-datatype-jdk8-2.9.8-sources.jar"
                ],
                "sha256": "00988940ad4f4a3a93d5ea0585581cacb3a2204ef16f65a04a2fcd153640e07b",
                "url": "https://repo1.maven.org/maven2/com/fasterxml/jackson/datatype/jackson-datatype-jdk8/2.9.8/jackson-datatype-jdk8-2.9.8-sources.jar"
            },
            {
                "coord": "com.fasterxml.jackson.datatype:jackson-datatype-jsr310:2.9.8",
                "dependencies": [
                    "com.fasterxml.jackson.core:jackson-annotations:2.9.0",
                    "com.fasterxml.jackson.core:jackson-core:2.9.8",
                    "com.fasterxml.jackson.core:jackson-databind:2.9.8"
                ],
                "directDependencies": [
                    "com.fasterxml.jackson.core:jackson-annotations:2.9.0",
                    "com.fasterxml.jackson.core:jackson-core:2.9.8",
                    "com.fasterxml.jackson.core:jackson-databind:2.9.8"
                ],
                "file": "v1/https/repo1.maven.org/maven2/com/fasterxml/jackson/datatype/jackson-datatype-jsr310/2.9.8/jackson-datatype-jsr310-2.9.8.jar",
                "mirror_urls": [
                    "https://repo1.maven.org/maven2/com/fasterxml/jackson/datatype/jackson-datatype-jsr310/2.9.8/jackson-datatype-jsr310-2.9.8.jar"
                ],
                "sha256": "ab71c4f31c3dd583ba22e15837e9142360f056ad1677f1c2cf2c832d826c8dab",
                "url": "https://repo1.maven.org/maven2/com/fasterxml/jackson/datatype/jackson-datatype-jsr310/2.9.8/jackson-datatype-jsr310-2.9.8.jar"
            },
            {
                "coord": "com.fasterxml.jackson.datatype:jackson-datatype-jsr310:jar:sources:2.9.8",
                "dependencies": [
                    "com.fasterxml.jackson.core:jackson-annotations:jar:sources:2.9.0",
                    "com.fasterxml.jackson.core:jackson-core:jar:sources:2.9.8",
                    "com.fasterxml.jackson.core:jackson-databind:jar:sources:2.9.8"
                ],
                "directDependencies": [
                    "com.fasterxml.jackson.core:jackson-annotations:jar:sources:2.9.0",
                    "com.fasterxml.jackson.core:jackson-core:jar:sources:2.9.8",
                    "com.fasterxml.jackson.core:jackson-databind:jar:sources:2.9.8"
                ],
                "file": "v1/https/repo1.maven.org/maven2/com/fasterxml/jackson/datatype/jackson-datatype-jsr310/2.9.8/jackson-datatype-jsr310-2.9.8-sources.jar",
                "mirror_urls": [
                    "https://repo1.maven.org/maven2/com/fasterxml/jackson/datatype/jackson-datatype-jsr310/2.9.8/jackson-datatype-jsr310-2.9.8-sources.jar"
                ],
                "sha256": "dedbf756339019128c0326b2f9e3c9753b07cc1e44fa96d880a130ad8c707ca2",
                "url": "https://repo1.maven.org/maven2/com/fasterxml/jackson/datatype/jackson-datatype-jsr310/2.9.8/jackson-datatype-jsr310-2.9.8-sources.jar"
            },
            {
                "coord": "com.fasterxml.jackson.module:jackson-module-parameter-names:2.9.8",
                "dependencies": [
                    "com.fasterxml.jackson.core:jackson-annotations:2.9.0",
                    "com.fasterxml.jackson.core:jackson-core:2.9.8",
                    "com.fasterxml.jackson.core:jackson-databind:2.9.8"
                ],
                "directDependencies": [
                    "com.fasterxml.jackson.core:jackson-core:2.9.8",
                    "com.fasterxml.jackson.core:jackson-databind:2.9.8"
                ],
                "file": "v1/https/repo1.maven.org/maven2/com/fasterxml/jackson/module/jackson-module-parameter-names/2.9.8/jackson-module-parameter-names-2.9.8.jar",
                "mirror_urls": [
                    "https://repo1.maven.org/maven2/com/fasterxml/jackson/module/jackson-module-parameter-names/2.9.8/jackson-module-parameter-names-2.9.8.jar"
                ],
                "sha256": "a7e100dddfdd82c4fb60d0b98a753bd59ce743183b18d4a017d6584f2592df37",
                "url": "https://repo1.maven.org/maven2/com/fasterxml/jackson/module/jackson-module-parameter-names/2.9.8/jackson-module-parameter-names-2.9.8.jar"
            },
            {
                "coord": "com.fasterxml.jackson.module:jackson-module-parameter-names:jar:sources:2.9.8",
                "dependencies": [
                    "com.fasterxml.jackson.core:jackson-annotations:jar:sources:2.9.0",
                    "com.fasterxml.jackson.core:jackson-core:jar:sources:2.9.8",
                    "com.fasterxml.jackson.core:jackson-databind:jar:sources:2.9.8"
                ],
                "directDependencies": [
                    "com.fasterxml.jackson.core:jackson-core:jar:sources:2.9.8",
                    "com.fasterxml.jackson.core:jackson-databind:jar:sources:2.9.8"
                ],
                "file": "v1/https/repo1.maven.org/maven2/com/fasterxml/jackson/module/jackson-module-parameter-names/2.9.8/jackson-module-parameter-names-2.9.8-sources.jar",
                "mirror_urls": [
                    "https://repo1.maven.org/maven2/com/fasterxml/jackson/module/jackson-module-parameter-names/2.9.8/jackson-module-parameter-names-2.9.8-sources.jar"
                ],
                "sha256": "d755b3154d216043d1001c626dd9b11ca25358171d3f448c2cf7802af3164649",
                "url": "https://repo1.maven.org/maven2/com/fasterxml/jackson/module/jackson-module-parameter-names/2.9.8/jackson-module-parameter-names-2.9.8-sources.jar"
            },
            {
                "coord": "com.fasterxml:classmate:1.3.4",
                "dependencies": [],
                "directDependencies": [],
                "file": "v1/https/repo1.maven.org/maven2/com/fasterxml/classmate/1.3.4/classmate-1.3.4.jar",
                "mirror_urls": [
                    "https://repo1.maven.org/maven2/com/fasterxml/classmate/1.3.4/classmate-1.3.4.jar"
                ],
                "sha256": "c2bfcc21467351d0f9a1558822b72dbac2b21f6b9f700a44fc6b345491ef3c88",
                "url": "https://repo1.maven.org/maven2/com/fasterxml/classmate/1.3.4/classmate-1.3.4.jar"
            },
            {
                "coord": "com.fasterxml:classmate:jar:sources:1.3.4",
                "dependencies": [],
                "directDependencies": [],
                "file": "v1/https/repo1.maven.org/maven2/com/fasterxml/classmate/1.3.4/classmate-1.3.4-sources.jar",
                "mirror_urls": [
                    "https://repo1.maven.org/maven2/com/fasterxml/classmate/1.3.4/classmate-1.3.4-sources.jar"
                ],
                "sha256": "547e994f6b31599825aff360abdefd3d404b2ff06fdaa051f6f212ddbe48dd7a",
                "url": "https://repo1.maven.org/maven2/com/fasterxml/classmate/1.3.4/classmate-1.3.4-sources.jar"
            },
            {
                "coord": "javax.annotation:javax.annotation-api:1.3.2",
                "dependencies": [],
                "directDependencies": [],
                "file": "v1/https/repo1.maven.org/maven2/javax/annotation/javax.annotation-api/1.3.2/javax.annotation-api-1.3.2.jar",
                "mirror_urls": [
                    "https://repo1.maven.org/maven2/javax/annotation/javax.annotation-api/1.3.2/javax.annotation-api-1.3.2.jar"
                ],
                "sha256": "e04ba5195bcd555dc95650f7cc614d151e4bcd52d29a10b8aa2197f3ab89ab9b",
                "url": "https://repo1.maven.org/maven2/javax/annotation/javax.annotation-api/1.3.2/javax.annotation-api-1.3.2.jar"
            },
            {
                "coord": "javax.annotation:javax.annotation-api:jar:sources:1.3.2",
                "dependencies": [],
                "directDependencies": [],
                "file": "v1/https/repo1.maven.org/maven2/javax/annotation/javax.annotation-api/1.3.2/javax.annotation-api-1.3.2-sources.jar",
                "mirror_urls": [
                    "https://repo1.maven.org/maven2/javax/annotation/javax.annotation-api/1.3.2/javax.annotation-api-1.3.2-sources.jar"
                ],
                "sha256": "128971e52e0d84a66e3b6e049dab8ad7b2c58b7e1ad37fa2debd3d40c2947b95",
                "url": "https://repo1.maven.org/maven2/javax/annotation/javax.annotation-api/1.3.2/javax.annotation-api-1.3.2-sources.jar"
            },
            {
                "coord": "javax.validation:validation-api:2.0.1.Final",
                "dependencies": [],
                "directDependencies": [],
                "file": "v1/https/repo1.maven.org/maven2/javax/validation/validation-api/2.0.1.Final/validation-api-2.0.1.Final.jar",
                "mirror_urls": [
                    "https://repo1.maven.org/maven2/javax/validation/validation-api/2.0.1.Final/validation-api-2.0.1.Final.jar"
                ],
                "sha256": "9873b46df1833c9ee8f5bc1ff6853375115dadd8897bcb5a0dffb5848835ee6c",
                "url": "https://repo1.maven.org/maven2/javax/validation/validation-api/2.0.1.Final/validation-api-2.0.1.Final.jar"
            },
            {
                "coord": "javax.validation:validation-api:jar:sources:2.0.1.Final",
                "dependencies": [],
                "directDependencies": [],
                "file": "v1/https/repo1.maven.org/maven2/javax/validation/validation-api/2.0.1.Final/validation-api-2.0.1.Final-sources.jar",
                "mirror_urls": [
                    "https://repo1.maven.org/maven2/javax/validation/validation-api/2.0.1.Final/validation-api-2.0.1.Final-sources.jar"
                ],
                "sha256": "78fc8207d394c91e329be90fc051e98180bd2a35c14e0df73f66a653c7aea19f",
                "url": "https://repo1.maven.org/maven2/javax/validation/validation-api/2.0.1.Final/validation-api-2.0.1.Final-sources.jar"
            },
            {
                "coord": "org.apache.logging.log4j:log4j-api:2.16.0",
                "dependencies": [],
                "directDependencies": [],
                "file": "v1/https/repo1.maven.org/maven2/org/apache/logging/log4j/log4j-api/2.16.0/log4j-api-2.16.0.jar",
                "mirror_urls": [
                    "https://repo1.maven.org/maven2/org/apache/logging/log4j/log4j-api/2.16.0/log4j-api-2.16.0.jar"
                ],
                "sha256": "cbbcef7b57fef115a788395e6e11cdf92c01c1d606652c493d40d3c81766b9fc",
                "url": "https://repo1.maven.org/maven2/org/apache/logging/log4j/log4j-api/2.16.0/log4j-api-2.16.0.jar"
            },
            {
                "coord": "org.apache.logging.log4j:log4j-api:jar:sources:2.16.0",
                "dependencies": [],
                "directDependencies": [],
                "file": "v1/https/repo1.maven.org/maven2/org/apache/logging/log4j/log4j-api/2.16.0/log4j-api-2.16.0-sources.jar",
                "mirror_urls": [
                    "https://repo1.maven.org/maven2/org/apache/logging/log4j/log4j-api/2.16.0/log4j-api-2.16.0-sources.jar"
                ],
                "sha256": "494b2d065c14af0c121bc3e65fb0315f0738338fdd2e4ba778eabc9b325dfddc",
                "url": "https://repo1.maven.org/maven2/org/apache/logging/log4j/log4j-api/2.16.0/log4j-api-2.16.0-sources.jar"
            },
            {
                "coord": "org.apache.logging.log4j:log4j-to-slf4j:2.16.0",
                "dependencies": [
                    "org.apache.logging.log4j:log4j-api:2.16.0",
                    "org.slf4j:slf4j-api:1.7.25"
                ],
                "directDependencies": [
                    "org.apache.logging.log4j:log4j-api:2.16.0",
                    "org.slf4j:slf4j-api:1.7.25"
                ],
                "file": "v1/https/repo1.maven.org/maven2/org/apache/logging/log4j/log4j-to-slf4j/2.16.0/log4j-to-slf4j-2.16.0.jar",
                "mirror_urls": [
                    "https://repo1.maven.org/maven2/org/apache/logging/log4j/log4j-to-slf4j/2.16.0/log4j-to-slf4j-2.16.0.jar"
                ],
                "sha256": "7d9e66dcbf07d630c8772b5ff891f51ad12ab487b5e095c9482e0deff40e22ca",
                "url": "https://repo1.maven.org/maven2/org/apache/logging/log4j/log4j-to-slf4j/2.16.0/log4j-to-slf4j-2.16.0.jar"
            },
            {
                "coord": "org.apache.logging.log4j:log4j-to-slf4j:jar:sources:2.16.0",
                "dependencies": [
                    "org.apache.logging.log4j:log4j-api:jar:sources:2.16.0",
                    "org.slf4j:slf4j-api:jar:sources:1.7.25"
                ],
                "directDependencies": [
                    "org.apache.logging.log4j:log4j-api:jar:sources:2.16.0",
                    "org.slf4j:slf4j-api:jar:sources:1.7.25"
                ],
                "file": "v1/https/repo1.maven.org/maven2/org/apache/logging/log4j/log4j-to-slf4j/2.16.0/log4j-to-slf4j-2.16.0-sources.jar",
                "mirror_urls": [
                    "https://repo1.maven.org/maven2/org/apache/logging/log4j/log4j-to-slf4j/2.16.0/log4j-to-slf4j-2.16.0-sources.jar"
                ],
                "sha256": "ae4efd3d5afb9cd0db74e52cd405adfdd36bead0afbd6103f5c62b269d3b5bc0",
                "url": "https://repo1.maven.org/maven2/org/apache/logging/log4j/log4j-to-slf4j/2.16.0/log4j-to-slf4j-2.16.0-sources.jar"
            },
            {
                "coord": "org.apache.tomcat.embed:tomcat-embed-core:9.0.16",
                "dependencies": [],
                "directDependencies": [],
                "exclusions": [
                    "org.apache.tomcat:tomcat-annotations-api"
                ],
                "file": "v1/https/repo1.maven.org/maven2/org/apache/tomcat/embed/tomcat-embed-core/9.0.16/tomcat-embed-core-9.0.16.jar",
                "mirror_urls": [
                    "https://repo1.maven.org/maven2/org/apache/tomcat/embed/tomcat-embed-core/9.0.16/tomcat-embed-core-9.0.16.jar"
                ],
                "sha256": "317d6de069561e442bdffebde41f78f674c79b5b592031681aeee56fd421fb61",
                "url": "https://repo1.maven.org/maven2/org/apache/tomcat/embed/tomcat-embed-core/9.0.16/tomcat-embed-core-9.0.16.jar"
            },
            {
                "coord": "org.apache.tomcat.embed:tomcat-embed-core:jar:sources:9.0.16",
                "dependencies": [
                    "org.apache.tomcat:tomcat-annotations-api:jar:sources:9.0.16"
                ],
                "directDependencies": [
                    "org.apache.tomcat:tomcat-annotations-api:jar:sources:9.0.16"
                ],
                "file": "v1/https/repo1.maven.org/maven2/org/apache/tomcat/embed/tomcat-embed-core/9.0.16/tomcat-embed-core-9.0.16-sources.jar",
                "mirror_urls": [
                    "https://repo1.maven.org/maven2/org/apache/tomcat/embed/tomcat-embed-core/9.0.16/tomcat-embed-core-9.0.16-sources.jar"
                ],
                "sha256": "98a6792ae4c0ba59405eec3eac57085c6475e43a98cd5d7ea2a58c75fa0b30d7",
                "url": "https://repo1.maven.org/maven2/org/apache/tomcat/embed/tomcat-embed-core/9.0.16/tomcat-embed-core-9.0.16-sources.jar"
            },
            {
                "coord": "org.apache.tomcat.embed:tomcat-embed-el:9.0.16",
                "dependencies": [],
                "directDependencies": [],
                "file": "v1/https/repo1.maven.org/maven2/org/apache/tomcat/embed/tomcat-embed-el/9.0.16/tomcat-embed-el-9.0.16.jar",
                "mirror_urls": [
                    "https://repo1.maven.org/maven2/org/apache/tomcat/embed/tomcat-embed-el/9.0.16/tomcat-embed-el-9.0.16.jar"
                ],
                "sha256": "082c155ef65368d37cc607c47b12c7d262ef808de9cd96c7049f753c8b5a6706",
                "url": "https://repo1.maven.org/maven2/org/apache/tomcat/embed/tomcat-embed-el/9.0.16/tomcat-embed-el-9.0.16.jar"
            },
            {
                "coord": "org.apache.tomcat.embed:tomcat-embed-el:jar:sources:9.0.16",
                "dependencies": [],
                "directDependencies": [],
                "file": "v1/https/repo1.maven.org/maven2/org/apache/tomcat/embed/tomcat-embed-el/9.0.16/tomcat-embed-el-9.0.16-sources.jar",
                "mirror_urls": [
                    "https://repo1.maven.org/maven2/org/apache/tomcat/embed/tomcat-embed-el/9.0.16/tomcat-embed-el-9.0.16-sources.jar"
                ],
                "sha256": "91ee6481850ee9dfa7469bb8f8cb8b2fe69499a47afa89a88d332dbebc698001",
                "url": "https://repo1.maven.org/maven2/org/apache/tomcat/embed/tomcat-embed-el/9.0.16/tomcat-embed-el-9.0.16-sources.jar"
            },
            {
                "coord": "org.apache.tomcat.embed:tomcat-embed-websocket:9.0.16",
                "dependencies": [
                    "org.apache.tomcat.embed:tomcat-embed-core:9.0.16",
                    "org.apache.tomcat:tomcat-annotations-api:9.0.16"
                ],
                "directDependencies": [
                    "org.apache.tomcat.embed:tomcat-embed-core:9.0.16"
                ],
                "file": "v1/https/repo1.maven.org/maven2/org/apache/tomcat/embed/tomcat-embed-websocket/9.0.16/tomcat-embed-websocket-9.0.16.jar",
                "mirror_urls": [
                    "https://repo1.maven.org/maven2/org/apache/tomcat/embed/tomcat-embed-websocket/9.0.16/tomcat-embed-websocket-9.0.16.jar"
                ],
                "sha256": "31da297c31a5f936024e14e6fd6ce9b6bb7d13933c94ab50aa0b305065624095",
                "url": "https://repo1.maven.org/maven2/org/apache/tomcat/embed/tomcat-embed-websocket/9.0.16/tomcat-embed-websocket-9.0.16.jar"
            },
            {
                "coord": "org.apache.tomcat.embed:tomcat-embed-websocket:jar:sources:9.0.16",
                "dependencies": [
                    "org.apache.tomcat.embed:tomcat-embed-core:jar:sources:9.0.16",
                    "org.apache.tomcat:tomcat-annotations-api:jar:sources:9.0.16"
                ],
                "directDependencies": [
                    "org.apache.tomcat.embed:tomcat-embed-core:jar:sources:9.0.16"
                ],
                "file": "v1/https/repo1.maven.org/maven2/org/apache/tomcat/embed/tomcat-embed-websocket/9.0.16/tomcat-embed-websocket-9.0.16-sources.jar",
                "mirror_urls": [
                    "https://repo1.maven.org/maven2/org/apache/tomcat/embed/tomcat-embed-websocket/9.0.16/tomcat-embed-websocket-9.0.16-sources.jar"
                ],
                "sha256": "d5b0ab58b70297e728c94097c05fdb7be2ed3c943153637e8aaa1711cba7aa0f",
                "url": "https://repo1.maven.org/maven2/org/apache/tomcat/embed/tomcat-embed-websocket/9.0.16/tomcat-embed-websocket-9.0.16-sources.jar"
            },
            {
                "coord": "org.apache.tomcat:tomcat-annotations-api:9.0.16",
                "dependencies": [],
                "directDependencies": [],
                "file": "v1/https/repo1.maven.org/maven2/org/apache/tomcat/tomcat-annotations-api/9.0.16/tomcat-annotations-api-9.0.16.jar",
                "mirror_urls": [
                    "https://repo1.maven.org/maven2/org/apache/tomcat/tomcat-annotations-api/9.0.16/tomcat-annotations-api-9.0.16.jar"
                ],
                "sha256": "98c306850683a3386a34e65a1d314f7f38123cfe73a94a60f3b9dde1488c8713",
                "url": "https://repo1.maven.org/maven2/org/apache/tomcat/tomcat-annotations-api/9.0.16/tomcat-annotations-api-9.0.16.jar"
            },
            {
                "coord": "org.apache.tomcat:tomcat-annotations-api:jar:sources:9.0.16",
                "dependencies": [],
                "directDependencies": [],
                "file": "v1/https/repo1.maven.org/maven2/org/apache/tomcat/tomcat-annotations-api/9.0.16/tomcat-annotations-api-9.0.16-sources.jar",
                "mirror_urls": [
                    "https://repo1.maven.org/maven2/org/apache/tomcat/tomcat-annotations-api/9.0.16/tomcat-annotations-api-9.0.16-sources.jar"
                ],
                "sha256": "4cabd36d06cf8d7e2d3d61e97fd58d7ba7542203ad094720b06795c5f2001e3a",
                "url": "https://repo1.maven.org/maven2/org/apache/tomcat/tomcat-annotations-api/9.0.16/tomcat-annotations-api-9.0.16-sources.jar"
            },
            {
                "coord": "org.hamcrest:hamcrest-core:1.3",
                "dependencies": [],
                "directDependencies": [],
                "file": "v1/https/repo1.maven.org/maven2/org/hamcrest/hamcrest-core/1.3/hamcrest-core-1.3.jar",
                "mirror_urls": [
                    "https://repo1.maven.org/maven2/org/hamcrest/hamcrest-core/1.3/hamcrest-core-1.3.jar"
                ],
                "sha256": "66fdef91e9739348df7a096aa384a5685f4e875584cce89386a7a47251c4d8e9",
                "url": "https://repo1.maven.org/maven2/org/hamcrest/hamcrest-core/1.3/hamcrest-core-1.3.jar"
            },
            {
                "coord": "org.hamcrest:hamcrest-core:jar:sources:1.3",
                "dependencies": [],
                "directDependencies": [],
                "file": "v1/https/repo1.maven.org/maven2/org/hamcrest/hamcrest-core/1.3/hamcrest-core-1.3-sources.jar",
                "mirror_urls": [
                    "https://repo1.maven.org/maven2/org/hamcrest/hamcrest-core/1.3/hamcrest-core-1.3-sources.jar"
                ],
                "sha256": "e223d2d8fbafd66057a8848cc94222d63c3cedd652cc48eddc0ab5c39c0f84df",
                "url": "https://repo1.maven.org/maven2/org/hamcrest/hamcrest-core/1.3/hamcrest-core-1.3-sources.jar"
            },
            {
                "coord": "org.hamcrest:hamcrest-library:1.3",
                "dependencies": [
                    "org.hamcrest:hamcrest-core:1.3"
                ],
                "directDependencies": [
                    "org.hamcrest:hamcrest-core:1.3"
                ],
                "file": "v1/https/repo1.maven.org/maven2/org/hamcrest/hamcrest-library/1.3/hamcrest-library-1.3.jar",
                "mirror_urls": [
                    "https://repo1.maven.org/maven2/org/hamcrest/hamcrest-library/1.3/hamcrest-library-1.3.jar"
                ],
                "sha256": "711d64522f9ec410983bd310934296da134be4254a125080a0416ec178dfad1c",
                "url": "https://repo1.maven.org/maven2/org/hamcrest/hamcrest-library/1.3/hamcrest-library-1.3.jar"
            },
            {
                "coord": "org.hamcrest:hamcrest-library:jar:sources:1.3",
                "dependencies": [
                    "org.hamcrest:hamcrest-core:jar:sources:1.3"
                ],
                "directDependencies": [
                    "org.hamcrest:hamcrest-core:jar:sources:1.3"
                ],
                "file": "v1/https/repo1.maven.org/maven2/org/hamcrest/hamcrest-library/1.3/hamcrest-library-1.3-sources.jar",
                "mirror_urls": [
                    "https://repo1.maven.org/maven2/org/hamcrest/hamcrest-library/1.3/hamcrest-library-1.3-sources.jar"
                ],
                "sha256": "1c0ff84455f539eb3c29a8c430de1f6f6f1ba4b9ab39ca19b195f33203cd539c",
                "url": "https://repo1.maven.org/maven2/org/hamcrest/hamcrest-library/1.3/hamcrest-library-1.3-sources.jar"
            },
            {
                "coord": "org.hibernate.validator:hibernate-validator:6.0.14.Final",
                "dependencies": [
                    "com.fasterxml:classmate:1.3.4",
                    "javax.validation:validation-api:2.0.1.Final",
                    "org.jboss.logging:jboss-logging:3.3.2.Final"
                ],
                "directDependencies": [
                    "com.fasterxml:classmate:1.3.4",
                    "javax.validation:validation-api:2.0.1.Final",
                    "org.jboss.logging:jboss-logging:3.3.2.Final"
                ],
                "file": "v1/https/repo1.maven.org/maven2/org/hibernate/validator/hibernate-validator/6.0.14.Final/hibernate-validator-6.0.14.Final.jar",
                "mirror_urls": [
                    "https://repo1.maven.org/maven2/org/hibernate/validator/hibernate-validator/6.0.14.Final/hibernate-validator-6.0.14.Final.jar"
                ],
                "sha256": "8b366c9ad8969a1f25bd81af88a9e8630e70fdf1b6229298c30b58950527802c",
                "url": "https://repo1.maven.org/maven2/org/hibernate/validator/hibernate-validator/6.0.14.Final/hibernate-validator-6.0.14.Final.jar"
            },
            {
                "coord": "org.hibernate.validator:hibernate-validator:jar:sources:6.0.14.Final",
                "dependencies": [
                    "com.fasterxml:classmate:jar:sources:1.3.4",
                    "javax.validation:validation-api:jar:sources:2.0.1.Final",
                    "org.jboss.logging:jboss-logging:jar:sources:3.3.2.Final"
                ],
                "directDependencies": [
                    "com.fasterxml:classmate:jar:sources:1.3.4",
                    "javax.validation:validation-api:jar:sources:2.0.1.Final",
                    "org.jboss.logging:jboss-logging:jar:sources:3.3.2.Final"
                ],
                "file": "v1/https/repo1.maven.org/maven2/org/hibernate/validator/hibernate-validator/6.0.14.Final/hibernate-validator-6.0.14.Final-sources.jar",
                "mirror_urls": [
                    "https://repo1.maven.org/maven2/org/hibernate/validator/hibernate-validator/6.0.14.Final/hibernate-validator-6.0.14.Final-sources.jar"
                ],
                "sha256": "80f6af9191b3d566c55f3d2477d99614814f9629bd396d50e5eb22e5041883f3",
                "url": "https://repo1.maven.org/maven2/org/hibernate/validator/hibernate-validator/6.0.14.Final/hibernate-validator-6.0.14.Final-sources.jar"
            },
            {
                "coord": "org.jboss.logging:jboss-logging:3.3.2.Final",
                "dependencies": [],
                "directDependencies": [],
                "file": "v1/https/repo1.maven.org/maven2/org/jboss/logging/jboss-logging/3.3.2.Final/jboss-logging-3.3.2.Final.jar",
                "mirror_urls": [
                    "https://repo1.maven.org/maven2/org/jboss/logging/jboss-logging/3.3.2.Final/jboss-logging-3.3.2.Final.jar"
                ],
                "sha256": "cb914bfe888da7d9162e965ac8b0d6f28f2f32eca944a00fbbf6dd3cf1aacc13",
                "url": "https://repo1.maven.org/maven2/org/jboss/logging/jboss-logging/3.3.2.Final/jboss-logging-3.3.2.Final.jar"
            },
            {
                "coord": "org.jboss.logging:jboss-logging:jar:sources:3.3.2.Final",
                "dependencies": [],
                "directDependencies": [],
                "file": "v1/https/repo1.maven.org/maven2/org/jboss/logging/jboss-logging/3.3.2.Final/jboss-logging-3.3.2.Final-sources.jar",
                "mirror_urls": [
                    "https://repo1.maven.org/maven2/org/jboss/logging/jboss-logging/3.3.2.Final/jboss-logging-3.3.2.Final-sources.jar"
                ],
                "sha256": "8eab58199828e20a57a298dc733a42ddfd5936f59217f75da35dfdc74973228a",
                "url": "https://repo1.maven.org/maven2/org/jboss/logging/jboss-logging/3.3.2.Final/jboss-logging-3.3.2.Final-sources.jar"
            },
            {
                "coord": "org.slf4j:jul-to-slf4j:1.7.25",
                "dependencies": [
                    "org.slf4j:slf4j-api:1.7.25"
                ],
                "directDependencies": [
                    "org.slf4j:slf4j-api:1.7.25"
                ],
                "file": "v1/https/repo1.maven.org/maven2/org/slf4j/jul-to-slf4j/1.7.25/jul-to-slf4j-1.7.25.jar",
                "mirror_urls": [
                    "https://repo1.maven.org/maven2/org/slf4j/jul-to-slf4j/1.7.25/jul-to-slf4j-1.7.25.jar"
                ],
                "sha256": "416c5a0c145ad19526e108d44b6bf77b75412d47982cce6ce8d43abdbdbb0fac",
                "url": "https://repo1.maven.org/maven2/org/slf4j/jul-to-slf4j/1.7.25/jul-to-slf4j-1.7.25.jar"
            },
            {
                "coord": "org.slf4j:jul-to-slf4j:jar:sources:1.7.25",
                "dependencies": [
                    "org.slf4j:slf4j-api:jar:sources:1.7.25"
                ],
                "directDependencies": [
                    "org.slf4j:slf4j-api:jar:sources:1.7.25"
                ],
                "file": "v1/https/repo1.maven.org/maven2/org/slf4j/jul-to-slf4j/1.7.25/jul-to-slf4j-1.7.25-sources.jar",
                "mirror_urls": [
                    "https://repo1.maven.org/maven2/org/slf4j/jul-to-slf4j/1.7.25/jul-to-slf4j-1.7.25-sources.jar"
                ],
                "sha256": "de45a3712b794146b74a0effb1edb84105acc906208a811479a18978806c3dbd",
                "url": "https://repo1.maven.org/maven2/org/slf4j/jul-to-slf4j/1.7.25/jul-to-slf4j-1.7.25-sources.jar"
            },
            {
                "coord": "org.slf4j:slf4j-api:1.7.25",
                "dependencies": [],
                "directDependencies": [],
                "file": "v1/https/repo1.maven.org/maven2/org/slf4j/slf4j-api/1.7.25/slf4j-api-1.7.25.jar",
                "mirror_urls": [
                    "https://repo1.maven.org/maven2/org/slf4j/slf4j-api/1.7.25/slf4j-api-1.7.25.jar"
                ],
                "sha256": "18c4a0095d5c1da6b817592e767bb23d29dd2f560ad74df75ff3961dbde25b79",
                "url": "https://repo1.maven.org/maven2/org/slf4j/slf4j-api/1.7.25/slf4j-api-1.7.25.jar"
            },
            {
                "coord": "org.slf4j:slf4j-api:jar:sources:1.7.25",
                "dependencies": [],
                "directDependencies": [],
                "file": "v1/https/repo1.maven.org/maven2/org/slf4j/slf4j-api/1.7.25/slf4j-api-1.7.25-sources.jar",
                "mirror_urls": [
                    "https://repo1.maven.org/maven2/org/slf4j/slf4j-api/1.7.25/slf4j-api-1.7.25-sources.jar"
                ],
                "sha256": "c4bc93180a4f0aceec3b057a2514abe04a79f06c174bbed910a2afb227b79366",
                "url": "https://repo1.maven.org/maven2/org/slf4j/slf4j-api/1.7.25/slf4j-api-1.7.25-sources.jar"
            },
            {
                "coord": "org.springframework.boot:spring-boot-autoconfigure:2.1.3.RELEASE",
                "dependencies": [
                    "org.springframework.boot:spring-boot:2.1.3.RELEASE",
                    "org.springframework:spring-aop:5.1.5.RELEASE",
                    "org.springframework:spring-beans:5.1.5.RELEASE",
                    "org.springframework:spring-context:5.1.5.RELEASE",
                    "org.springframework:spring-core:5.1.5.RELEASE",
                    "org.springframework:spring-expression:5.1.5.RELEASE",
                    "org.springframework:spring-jcl:5.1.5.RELEASE"
                ],
                "directDependencies": [
                    "org.springframework.boot:spring-boot:2.1.3.RELEASE"
                ],
                "file": "v1/https/repo1.maven.org/maven2/org/springframework/boot/spring-boot-autoconfigure/2.1.3.RELEASE/spring-boot-autoconfigure-2.1.3.RELEASE.jar",
                "mirror_urls": [
                    "https://repo1.maven.org/maven2/org/springframework/boot/spring-boot-autoconfigure/2.1.3.RELEASE/spring-boot-autoconfigure-2.1.3.RELEASE.jar"
                ],
                "sha256": "81873e18da7657b6f4082c8fd93705b8d462438a2706e92e4a76cedb9f3bd23c",
                "url": "https://repo1.maven.org/maven2/org/springframework/boot/spring-boot-autoconfigure/2.1.3.RELEASE/spring-boot-autoconfigure-2.1.3.RELEASE.jar"
            },
            {
                "coord": "org.springframework.boot:spring-boot-autoconfigure:jar:sources:2.1.3.RELEASE",
                "dependencies": [
                    "org.springframework.boot:spring-boot:jar:sources:2.1.3.RELEASE",
                    "org.springframework:spring-aop:jar:sources:5.1.5.RELEASE",
                    "org.springframework:spring-beans:jar:sources:5.1.5.RELEASE",
                    "org.springframework:spring-context:jar:sources:5.1.5.RELEASE",
                    "org.springframework:spring-core:jar:sources:5.1.5.RELEASE",
                    "org.springframework:spring-expression:jar:sources:5.1.5.RELEASE",
                    "org.springframework:spring-jcl:jar:sources:5.1.5.RELEASE"
                ],
                "directDependencies": [
                    "org.springframework.boot:spring-boot:jar:sources:2.1.3.RELEASE"
                ],
                "file": "v1/https/repo1.maven.org/maven2/org/springframework/boot/spring-boot-autoconfigure/2.1.3.RELEASE/spring-boot-autoconfigure-2.1.3.RELEASE-sources.jar",
                "mirror_urls": [
                    "https://repo1.maven.org/maven2/org/springframework/boot/spring-boot-autoconfigure/2.1.3.RELEASE/spring-boot-autoconfigure-2.1.3.RELEASE-sources.jar"
                ],
                "sha256": "a6a0266c8959850ee16ee7623cdd62374c2a6648039acf6c7a598afa59a3912c",
                "url": "https://repo1.maven.org/maven2/org/springframework/boot/spring-boot-autoconfigure/2.1.3.RELEASE/spring-boot-autoconfigure-2.1.3.RELEASE-sources.jar"
            },
            {
                "coord": "org.springframework.boot:spring-boot-starter-json:2.1.3.RELEASE",
                "dependencies": [
                    "ch.qos.logback:logback-classic:1.2.3",
                    "ch.qos.logback:logback-core:1.2.3",
                    "com.fasterxml.jackson.core:jackson-annotations:2.9.0",
                    "com.fasterxml.jackson.core:jackson-core:2.9.8",
                    "com.fasterxml.jackson.core:jackson-databind:2.9.8",
                    "com.fasterxml.jackson.datatype:jackson-datatype-jdk8:2.9.8",
                    "com.fasterxml.jackson.datatype:jackson-datatype-jsr310:2.9.8",
                    "com.fasterxml.jackson.module:jackson-module-parameter-names:2.9.8",
                    "javax.annotation:javax.annotation-api:1.3.2",
                    "org.apache.logging.log4j:log4j-to-slf4j:2.16.0",
                    "org.slf4j:jul-to-slf4j:1.7.25",
                    "org.slf4j:slf4j-api:1.7.25",
                    "org.springframework.boot:spring-boot-autoconfigure:2.1.3.RELEASE",
                    "org.springframework.boot:spring-boot-starter-logging:2.1.3.RELEASE",
                    "org.springframework.boot:spring-boot-starter:2.1.3.RELEASE",
                    "org.springframework.boot:spring-boot:2.1.3.RELEASE",
                    "org.springframework:spring-aop:5.1.5.RELEASE",
                    "org.springframework:spring-beans:5.1.5.RELEASE",
                    "org.springframework:spring-context:5.1.5.RELEASE",
                    "org.springframework:spring-core:5.1.5.RELEASE",
                    "org.springframework:spring-expression:5.1.5.RELEASE",
                    "org.springframework:spring-jcl:5.1.5.RELEASE",
                    "org.springframework:spring-web:5.1.5.RELEASE",
                    "org.yaml:snakeyaml:1.23"
                ],
                "directDependencies": [
                    "com.fasterxml.jackson.core:jackson-databind:2.9.8",
                    "com.fasterxml.jackson.datatype:jackson-datatype-jdk8:2.9.8",
                    "com.fasterxml.jackson.datatype:jackson-datatype-jsr310:2.9.8",
                    "com.fasterxml.jackson.module:jackson-module-parameter-names:2.9.8",
                    "org.springframework.boot:spring-boot-starter:2.1.3.RELEASE",
                    "org.springframework:spring-web:5.1.5.RELEASE"
                ],
                "file": "v1/https/repo1.maven.org/maven2/org/springframework/boot/spring-boot-starter-json/2.1.3.RELEASE/spring-boot-starter-json-2.1.3.RELEASE.jar",
                "mirror_urls": [
                    "https://repo1.maven.org/maven2/org/springframework/boot/spring-boot-starter-json/2.1.3.RELEASE/spring-boot-starter-json-2.1.3.RELEASE.jar"
                ],
                "sha256": "bbf52e2361343d34844fc9482be513728e5627dba2345c7ca29c0cef27e1fd0e",
                "url": "https://repo1.maven.org/maven2/org/springframework/boot/spring-boot-starter-json/2.1.3.RELEASE/spring-boot-starter-json-2.1.3.RELEASE.jar"
            },
            {
                "coord": "org.springframework.boot:spring-boot-starter-json:jar:sources:2.1.3.RELEASE",
                "dependencies": [
                    "ch.qos.logback:logback-classic:jar:sources:1.2.3",
                    "ch.qos.logback:logback-core:jar:sources:1.2.3",
                    "com.fasterxml.jackson.core:jackson-annotations:jar:sources:2.9.0",
                    "com.fasterxml.jackson.core:jackson-core:jar:sources:2.9.8",
                    "com.fasterxml.jackson.core:jackson-databind:jar:sources:2.9.8",
                    "com.fasterxml.jackson.datatype:jackson-datatype-jdk8:jar:sources:2.9.8",
                    "com.fasterxml.jackson.datatype:jackson-datatype-jsr310:jar:sources:2.9.8",
                    "com.fasterxml.jackson.module:jackson-module-parameter-names:jar:sources:2.9.8",
                    "javax.annotation:javax.annotation-api:jar:sources:1.3.2",
                    "org.apache.logging.log4j:log4j-to-slf4j:jar:sources:2.16.0",
                    "org.slf4j:jul-to-slf4j:jar:sources:1.7.25",
                    "org.slf4j:slf4j-api:jar:sources:1.7.25",
                    "org.springframework.boot:spring-boot-autoconfigure:jar:sources:2.1.3.RELEASE",
                    "org.springframework.boot:spring-boot-starter-logging:jar:sources:2.1.3.RELEASE",
                    "org.springframework.boot:spring-boot-starter:jar:sources:2.1.3.RELEASE",
                    "org.springframework.boot:spring-boot:jar:sources:2.1.3.RELEASE",
                    "org.springframework:spring-aop:jar:sources:5.1.5.RELEASE",
                    "org.springframework:spring-beans:jar:sources:5.1.5.RELEASE",
                    "org.springframework:spring-context:jar:sources:5.1.5.RELEASE",
                    "org.springframework:spring-core:jar:sources:5.1.5.RELEASE",
                    "org.springframework:spring-expression:jar:sources:5.1.5.RELEASE",
                    "org.springframework:spring-jcl:jar:sources:5.1.5.RELEASE",
                    "org.springframework:spring-web:jar:sources:5.1.5.RELEASE",
                    "org.yaml:snakeyaml:jar:sources:1.23"
                ],
                "directDependencies": [
                    "com.fasterxml.jackson.core:jackson-databind:jar:sources:2.9.8",
                    "com.fasterxml.jackson.datatype:jackson-datatype-jdk8:jar:sources:2.9.8",
                    "com.fasterxml.jackson.datatype:jackson-datatype-jsr310:jar:sources:2.9.8",
                    "com.fasterxml.jackson.module:jackson-module-parameter-names:jar:sources:2.9.8",
                    "org.springframework.boot:spring-boot-starter:jar:sources:2.1.3.RELEASE",
                    "org.springframework:spring-web:jar:sources:5.1.5.RELEASE"
                ],
                "file": null
            },
            {
                "coord": "org.springframework.boot:spring-boot-starter-logging:2.1.3.RELEASE",
                "dependencies": [
                    "ch.qos.logback:logback-classic:1.2.3",
                    "ch.qos.logback:logback-core:1.2.3",
                    "org.apache.logging.log4j:log4j-to-slf4j:2.16.0",
                    "org.slf4j:jul-to-slf4j:1.7.25",
                    "org.slf4j:slf4j-api:1.7.25"
                ],
                "directDependencies": [
                    "ch.qos.logback:logback-classic:1.2.3",
                    "org.apache.logging.log4j:log4j-to-slf4j:2.16.0",
                    "org.slf4j:jul-to-slf4j:1.7.25"
                ],
                "file": "v1/https/repo1.maven.org/maven2/org/springframework/boot/spring-boot-starter-logging/2.1.3.RELEASE/spring-boot-starter-logging-2.1.3.RELEASE.jar",
                "mirror_urls": [
                    "https://repo1.maven.org/maven2/org/springframework/boot/spring-boot-starter-logging/2.1.3.RELEASE/spring-boot-starter-logging-2.1.3.RELEASE.jar"
                ],
                "sha256": "d9e7beac64cfc82f2bd0ccbda0afea43755c6e1a84291be5b2921b79c644fbba",
                "url": "https://repo1.maven.org/maven2/org/springframework/boot/spring-boot-starter-logging/2.1.3.RELEASE/spring-boot-starter-logging-2.1.3.RELEASE.jar"
            },
            {
                "coord": "org.springframework.boot:spring-boot-starter-logging:jar:sources:2.1.3.RELEASE",
                "dependencies": [
                    "ch.qos.logback:logback-classic:jar:sources:1.2.3",
                    "ch.qos.logback:logback-core:jar:sources:1.2.3",
                    "org.apache.logging.log4j:log4j-to-slf4j:jar:sources:2.16.0",
                    "org.slf4j:jul-to-slf4j:jar:sources:1.7.25",
                    "org.slf4j:slf4j-api:jar:sources:1.7.25"
                ],
                "directDependencies": [
                    "ch.qos.logback:logback-classic:jar:sources:1.2.3",
                    "org.apache.logging.log4j:log4j-to-slf4j:jar:sources:2.16.0",
                    "org.slf4j:jul-to-slf4j:jar:sources:1.7.25"
                ],
                "file": null
            },
            {
                "coord": "org.springframework.boot:spring-boot-starter-tomcat:2.1.3.RELEASE",
                "dependencies": [
                    "javax.annotation:javax.annotation-api:1.3.2",
                    "org.apache.tomcat.embed:tomcat-embed-core:9.0.16",
                    "org.apache.tomcat.embed:tomcat-embed-el:9.0.16",
                    "org.apache.tomcat.embed:tomcat-embed-websocket:9.0.16",
                    "org.apache.tomcat:tomcat-annotations-api:9.0.16"
                ],
                "directDependencies": [
                    "javax.annotation:javax.annotation-api:1.3.2",
                    "org.apache.tomcat.embed:tomcat-embed-core:9.0.16",
                    "org.apache.tomcat.embed:tomcat-embed-el:9.0.16",
                    "org.apache.tomcat.embed:tomcat-embed-websocket:9.0.16"
                ],
                "file": "v1/https/repo1.maven.org/maven2/org/springframework/boot/spring-boot-starter-tomcat/2.1.3.RELEASE/spring-boot-starter-tomcat-2.1.3.RELEASE.jar",
                "mirror_urls": [
                    "https://repo1.maven.org/maven2/org/springframework/boot/spring-boot-starter-tomcat/2.1.3.RELEASE/spring-boot-starter-tomcat-2.1.3.RELEASE.jar"
                ],
                "sha256": "55c328649576740f6ea88b60447dfead20fa1eb1f96cbe91c140784621d45ac4",
                "url": "https://repo1.maven.org/maven2/org/springframework/boot/spring-boot-starter-tomcat/2.1.3.RELEASE/spring-boot-starter-tomcat-2.1.3.RELEASE.jar"
            },
            {
                "coord": "org.springframework.boot:spring-boot-starter-tomcat:jar:sources:2.1.3.RELEASE",
                "dependencies": [
                    "javax.annotation:javax.annotation-api:jar:sources:1.3.2",
                    "org.apache.tomcat.embed:tomcat-embed-core:jar:sources:9.0.16",
                    "org.apache.tomcat.embed:tomcat-embed-el:jar:sources:9.0.16",
                    "org.apache.tomcat.embed:tomcat-embed-websocket:jar:sources:9.0.16",
                    "org.apache.tomcat:tomcat-annotations-api:jar:sources:9.0.16"
                ],
                "directDependencies": [
                    "javax.annotation:javax.annotation-api:jar:sources:1.3.2",
                    "org.apache.tomcat.embed:tomcat-embed-core:jar:sources:9.0.16",
                    "org.apache.tomcat.embed:tomcat-embed-el:jar:sources:9.0.16",
                    "org.apache.tomcat.embed:tomcat-embed-websocket:jar:sources:9.0.16"
                ],
                "file": null
            },
            {
                "coord": "org.springframework.boot:spring-boot-starter-web:2.1.3.RELEASE",
                "dependencies": [
                    "ch.qos.logback:logback-classic:1.2.3",
                    "ch.qos.logback:logback-core:1.2.3",
                    "com.fasterxml.jackson.core:jackson-annotations:2.9.0",
                    "com.fasterxml.jackson.core:jackson-core:2.9.8",
                    "com.fasterxml.jackson.core:jackson-databind:2.9.8",
                    "com.fasterxml.jackson.datatype:jackson-datatype-jdk8:2.9.8",
                    "com.fasterxml.jackson.datatype:jackson-datatype-jsr310:2.9.8",
                    "com.fasterxml.jackson.module:jackson-module-parameter-names:2.9.8",
                    "com.fasterxml:classmate:1.3.4",
                    "javax.annotation:javax.annotation-api:1.3.2",
                    "javax.validation:validation-api:2.0.1.Final",
                    "org.apache.logging.log4j:log4j-to-slf4j:2.16.0",
                    "org.apache.tomcat.embed:tomcat-embed-core:9.0.16",
                    "org.apache.tomcat.embed:tomcat-embed-el:9.0.16",
                    "org.apache.tomcat.embed:tomcat-embed-websocket:9.0.16",
                    "org.apache.tomcat:tomcat-annotations-api:9.0.16",
                    "org.hibernate.validator:hibernate-validator:6.0.14.Final",
                    "org.jboss.logging:jboss-logging:3.3.2.Final",
                    "org.slf4j:jul-to-slf4j:1.7.25",
                    "org.slf4j:slf4j-api:1.7.25",
                    "org.springframework.boot:spring-boot-autoconfigure:2.1.3.RELEASE",
                    "org.springframework.boot:spring-boot-starter-json:2.1.3.RELEASE",
                    "org.springframework.boot:spring-boot-starter-logging:2.1.3.RELEASE",
                    "org.springframework.boot:spring-boot-starter-tomcat:2.1.3.RELEASE",
                    "org.springframework.boot:spring-boot-starter:2.1.3.RELEASE",
                    "org.springframework.boot:spring-boot:2.1.3.RELEASE",
                    "org.springframework:spring-aop:5.1.5.RELEASE",
                    "org.springframework:spring-beans:5.1.5.RELEASE",
                    "org.springframework:spring-context:5.1.5.RELEASE",
                    "org.springframework:spring-core:5.1.5.RELEASE",
                    "org.springframework:spring-expression:5.1.5.RELEASE",
                    "org.springframework:spring-jcl:5.1.5.RELEASE",
                    "org.springframework:spring-web:5.1.5.RELEASE",
                    "org.springframework:spring-webmvc:5.1.5.RELEASE",
                    "org.yaml:snakeyaml:1.23"
                ],
                "directDependencies": [
                    "org.hibernate.validator:hibernate-validator:6.0.14.Final",
                    "org.springframework.boot:spring-boot-starter-json:2.1.3.RELEASE",
                    "org.springframework.boot:spring-boot-starter-tomcat:2.1.3.RELEASE",
                    "org.springframework.boot:spring-boot-starter:2.1.3.RELEASE",
                    "org.springframework:spring-web:5.1.5.RELEASE",
                    "org.springframework:spring-webmvc:5.1.5.RELEASE"
                ],
                "file": "v1/https/repo1.maven.org/maven2/org/springframework/boot/spring-boot-starter-web/2.1.3.RELEASE/spring-boot-starter-web-2.1.3.RELEASE.jar",
                "mirror_urls": [
                    "https://repo1.maven.org/maven2/org/springframework/boot/spring-boot-starter-web/2.1.3.RELEASE/spring-boot-starter-web-2.1.3.RELEASE.jar"
                ],
                "sha256": "511470fe37189f0e223586328a7a94aed91db26e5adca3d92c11ba483f41be53",
                "url": "https://repo1.maven.org/maven2/org/springframework/boot/spring-boot-starter-web/2.1.3.RELEASE/spring-boot-starter-web-2.1.3.RELEASE.jar"
            },
            {
                "coord": "org.springframework.boot:spring-boot-starter-web:jar:sources:2.1.3.RELEASE",
                "dependencies": [
                    "ch.qos.logback:logback-classic:jar:sources:1.2.3",
                    "ch.qos.logback:logback-core:jar:sources:1.2.3",
                    "com.fasterxml.jackson.core:jackson-annotations:jar:sources:2.9.0",
                    "com.fasterxml.jackson.core:jackson-core:jar:sources:2.9.8",
                    "com.fasterxml.jackson.core:jackson-databind:jar:sources:2.9.8",
                    "com.fasterxml.jackson.datatype:jackson-datatype-jdk8:jar:sources:2.9.8",
                    "com.fasterxml.jackson.datatype:jackson-datatype-jsr310:jar:sources:2.9.8",
                    "com.fasterxml.jackson.module:jackson-module-parameter-names:jar:sources:2.9.8",
                    "com.fasterxml:classmate:jar:sources:1.3.4",
                    "javax.annotation:javax.annotation-api:jar:sources:1.3.2",
                    "javax.validation:validation-api:jar:sources:2.0.1.Final",
                    "org.apache.logging.log4j:log4j-to-slf4j:jar:sources:2.16.0",
                    "org.apache.tomcat.embed:tomcat-embed-core:jar:sources:9.0.16",
                    "org.apache.tomcat.embed:tomcat-embed-el:jar:sources:9.0.16",
                    "org.apache.tomcat.embed:tomcat-embed-websocket:jar:sources:9.0.16",
                    "org.apache.tomcat:tomcat-annotations-api:jar:sources:9.0.16",
                    "org.hibernate.validator:hibernate-validator:jar:sources:6.0.14.Final",
                    "org.jboss.logging:jboss-logging:jar:sources:3.3.2.Final",
                    "org.slf4j:jul-to-slf4j:jar:sources:1.7.25",
                    "org.slf4j:slf4j-api:jar:sources:1.7.25",
                    "org.springframework.boot:spring-boot-autoconfigure:jar:sources:2.1.3.RELEASE",
                    "org.springframework.boot:spring-boot-starter-json:jar:sources:2.1.3.RELEASE",
                    "org.springframework.boot:spring-boot-starter-logging:jar:sources:2.1.3.RELEASE",
                    "org.springframework.boot:spring-boot-starter-tomcat:jar:sources:2.1.3.RELEASE",
                    "org.springframework.boot:spring-boot-starter:jar:sources:2.1.3.RELEASE",
                    "org.springframework.boot:spring-boot:jar:sources:2.1.3.RELEASE",
                    "org.springframework:spring-aop:jar:sources:5.1.5.RELEASE",
                    "org.springframework:spring-beans:jar:sources:5.1.5.RELEASE",
                    "org.springframework:spring-context:jar:sources:5.1.5.RELEASE",
                    "org.springframework:spring-core:jar:sources:5.1.5.RELEASE",
                    "org.springframework:spring-expression:jar:sources:5.1.5.RELEASE",
                    "org.springframework:spring-jcl:jar:sources:5.1.5.RELEASE",
                    "org.springframework:spring-web:jar:sources:5.1.5.RELEASE",
                    "org.springframework:spring-webmvc:jar:sources:5.1.5.RELEASE",
                    "org.yaml:snakeyaml:jar:sources:1.23"
                ],
                "directDependencies": [
                    "org.hibernate.validator:hibernate-validator:jar:sources:6.0.14.Final",
                    "org.springframework.boot:spring-boot-starter-json:jar:sources:2.1.3.RELEASE",
                    "org.springframework.boot:spring-boot-starter-tomcat:jar:sources:2.1.3.RELEASE",
                    "org.springframework.boot:spring-boot-starter:jar:sources:2.1.3.RELEASE",
                    "org.springframework:spring-web:jar:sources:5.1.5.RELEASE",
                    "org.springframework:spring-webmvc:jar:sources:5.1.5.RELEASE"
                ],
                "file": null
            },
            {
                "coord": "org.springframework.boot:spring-boot-starter:2.1.3.RELEASE",
                "dependencies": [
                    "ch.qos.logback:logback-classic:1.2.3",
                    "ch.qos.logback:logback-core:1.2.3",
                    "javax.annotation:javax.annotation-api:1.3.2",
                    "org.apache.logging.log4j:log4j-to-slf4j:2.16.0",
                    "org.slf4j:jul-to-slf4j:1.7.25",
                    "org.slf4j:slf4j-api:1.7.25",
                    "org.springframework.boot:spring-boot-autoconfigure:2.1.3.RELEASE",
                    "org.springframework.boot:spring-boot-starter-logging:2.1.3.RELEASE",
                    "org.springframework.boot:spring-boot:2.1.3.RELEASE",
                    "org.springframework:spring-aop:5.1.5.RELEASE",
                    "org.springframework:spring-beans:5.1.5.RELEASE",
                    "org.springframework:spring-context:5.1.5.RELEASE",
                    "org.springframework:spring-core:5.1.5.RELEASE",
                    "org.springframework:spring-expression:5.1.5.RELEASE",
                    "org.springframework:spring-jcl:5.1.5.RELEASE",
                    "org.yaml:snakeyaml:1.23"
                ],
                "directDependencies": [
                    "javax.annotation:javax.annotation-api:1.3.2",
                    "org.springframework.boot:spring-boot-autoconfigure:2.1.3.RELEASE",
                    "org.springframework.boot:spring-boot-starter-logging:2.1.3.RELEASE",
                    "org.springframework.boot:spring-boot:2.1.3.RELEASE",
                    "org.springframework:spring-core:5.1.5.RELEASE",
                    "org.yaml:snakeyaml:1.23"
                ],
                "file": "v1/https/repo1.maven.org/maven2/org/springframework/boot/spring-boot-starter/2.1.3.RELEASE/spring-boot-starter-2.1.3.RELEASE.jar",
                "mirror_urls": [
                    "https://repo1.maven.org/maven2/org/springframework/boot/spring-boot-starter/2.1.3.RELEASE/spring-boot-starter-2.1.3.RELEASE.jar"
                ],
                "sha256": "0c290c97f69535c9bcd5246a2391c744d109fa9d346faa014dea8dcddf763b13",
                "url": "https://repo1.maven.org/maven2/org/springframework/boot/spring-boot-starter/2.1.3.RELEASE/spring-boot-starter-2.1.3.RELEASE.jar"
            },
            {
                "coord": "org.springframework.boot:spring-boot-starter:jar:sources:2.1.3.RELEASE",
                "dependencies": [
                    "ch.qos.logback:logback-classic:jar:sources:1.2.3",
                    "ch.qos.logback:logback-core:jar:sources:1.2.3",
                    "javax.annotation:javax.annotation-api:jar:sources:1.3.2",
                    "org.apache.logging.log4j:log4j-to-slf4j:jar:sources:2.16.0",
                    "org.slf4j:jul-to-slf4j:jar:sources:1.7.25",
                    "org.slf4j:slf4j-api:jar:sources:1.7.25",
                    "org.springframework.boot:spring-boot-autoconfigure:jar:sources:2.1.3.RELEASE",
                    "org.springframework.boot:spring-boot-starter-logging:jar:sources:2.1.3.RELEASE",
                    "org.springframework.boot:spring-boot:jar:sources:2.1.3.RELEASE",
                    "org.springframework:spring-aop:jar:sources:5.1.5.RELEASE",
                    "org.springframework:spring-beans:jar:sources:5.1.5.RELEASE",
                    "org.springframework:spring-context:jar:sources:5.1.5.RELEASE",
                    "org.springframework:spring-core:jar:sources:5.1.5.RELEASE",
                    "org.springframework:spring-expression:jar:sources:5.1.5.RELEASE",
                    "org.springframework:spring-jcl:jar:sources:5.1.5.RELEASE",
                    "org.yaml:snakeyaml:jar:sources:1.23"
                ],
                "directDependencies": [
                    "javax.annotation:javax.annotation-api:jar:sources:1.3.2",
                    "org.springframework.boot:spring-boot-autoconfigure:jar:sources:2.1.3.RELEASE",
                    "org.springframework.boot:spring-boot-starter-logging:jar:sources:2.1.3.RELEASE",
                    "org.springframework.boot:spring-boot:jar:sources:2.1.3.RELEASE",
                    "org.springframework:spring-core:jar:sources:5.1.5.RELEASE",
                    "org.yaml:snakeyaml:jar:sources:1.23"
                ],
                "file": null
            },
            {
                "coord": "org.springframework.boot:spring-boot-test-autoconfigure:2.1.3.RELEASE",
                "dependencies": [
                    "org.springframework.boot:spring-boot-autoconfigure:2.1.3.RELEASE",
                    "org.springframework.boot:spring-boot-test:2.1.3.RELEASE",
                    "org.springframework.boot:spring-boot:2.1.3.RELEASE",
                    "org.springframework:spring-aop:5.1.5.RELEASE",
                    "org.springframework:spring-beans:5.1.5.RELEASE",
                    "org.springframework:spring-context:5.1.5.RELEASE",
                    "org.springframework:spring-core:5.1.5.RELEASE",
                    "org.springframework:spring-expression:5.1.5.RELEASE",
                    "org.springframework:spring-jcl:5.1.5.RELEASE"
                ],
                "directDependencies": [
                    "org.springframework.boot:spring-boot-autoconfigure:2.1.3.RELEASE",
                    "org.springframework.boot:spring-boot-test:2.1.3.RELEASE"
                ],
                "file": "v1/https/repo1.maven.org/maven2/org/springframework/boot/spring-boot-test-autoconfigure/2.1.3.RELEASE/spring-boot-test-autoconfigure-2.1.3.RELEASE.jar",
                "mirror_urls": [
                    "https://repo1.maven.org/maven2/org/springframework/boot/spring-boot-test-autoconfigure/2.1.3.RELEASE/spring-boot-test-autoconfigure-2.1.3.RELEASE.jar"
                ],
                "sha256": "08df511bc81231b20fe52d2fd9de9b53112ed4dacc9d7a999b1b6782962ec939",
                "url": "https://repo1.maven.org/maven2/org/springframework/boot/spring-boot-test-autoconfigure/2.1.3.RELEASE/spring-boot-test-autoconfigure-2.1.3.RELEASE.jar"
            },
            {
                "coord": "org.springframework.boot:spring-boot-test-autoconfigure:jar:sources:2.1.3.RELEASE",
                "dependencies": [
                    "org.springframework.boot:spring-boot-autoconfigure:jar:sources:2.1.3.RELEASE",
                    "org.springframework.boot:spring-boot-test:jar:sources:2.1.3.RELEASE",
                    "org.springframework.boot:spring-boot:jar:sources:2.1.3.RELEASE",
                    "org.springframework:spring-aop:jar:sources:5.1.5.RELEASE",
                    "org.springframework:spring-beans:jar:sources:5.1.5.RELEASE",
                    "org.springframework:spring-context:jar:sources:5.1.5.RELEASE",
                    "org.springframework:spring-core:jar:sources:5.1.5.RELEASE",
                    "org.springframework:spring-expression:jar:sources:5.1.5.RELEASE",
                    "org.springframework:spring-jcl:jar:sources:5.1.5.RELEASE"
                ],
                "directDependencies": [
                    "org.springframework.boot:spring-boot-autoconfigure:jar:sources:2.1.3.RELEASE",
                    "org.springframework.boot:spring-boot-test:jar:sources:2.1.3.RELEASE"
                ],
                "file": "v1/https/repo1.maven.org/maven2/org/springframework/boot/spring-boot-test-autoconfigure/2.1.3.RELEASE/spring-boot-test-autoconfigure-2.1.3.RELEASE-sources.jar",
                "mirror_urls": [
                    "https://repo1.maven.org/maven2/org/springframework/boot/spring-boot-test-autoconfigure/2.1.3.RELEASE/spring-boot-test-autoconfigure-2.1.3.RELEASE-sources.jar"
                ],
                "sha256": "0916b7f9acc03cf85d6def0a083c5969e86ac8a4103b08bfdbc4d6e7ef02d44f",
                "url": "https://repo1.maven.org/maven2/org/springframework/boot/spring-boot-test-autoconfigure/2.1.3.RELEASE/spring-boot-test-autoconfigure-2.1.3.RELEASE-sources.jar"
            },
            {
                "coord": "org.springframework.boot:spring-boot-test:2.1.3.RELEASE",
                "dependencies": [
                    "org.springframework.boot:spring-boot:2.1.3.RELEASE",
                    "org.springframework:spring-aop:5.1.5.RELEASE",
                    "org.springframework:spring-beans:5.1.5.RELEASE",
                    "org.springframework:spring-context:5.1.5.RELEASE",
                    "org.springframework:spring-core:5.1.5.RELEASE",
                    "org.springframework:spring-expression:5.1.5.RELEASE",
                    "org.springframework:spring-jcl:5.1.5.RELEASE"
                ],
                "directDependencies": [
                    "org.springframework.boot:spring-boot:2.1.3.RELEASE"
                ],
                "file": "v1/https/repo1.maven.org/maven2/org/springframework/boot/spring-boot-test/2.1.3.RELEASE/spring-boot-test-2.1.3.RELEASE.jar",
                "mirror_urls": [
                    "https://repo1.maven.org/maven2/org/springframework/boot/spring-boot-test/2.1.3.RELEASE/spring-boot-test-2.1.3.RELEASE.jar"
                ],
                "sha256": "ed3c1cb85839bdeec03083af8d594e20c4f0e60a09704c10677825f34987acdb",
                "url": "https://repo1.maven.org/maven2/org/springframework/boot/spring-boot-test/2.1.3.RELEASE/spring-boot-test-2.1.3.RELEASE.jar"
            },
            {
                "coord": "org.springframework.boot:spring-boot-test:jar:sources:2.1.3.RELEASE",
                "dependencies": [
                    "org.springframework.boot:spring-boot:jar:sources:2.1.3.RELEASE",
                    "org.springframework:spring-aop:jar:sources:5.1.5.RELEASE",
                    "org.springframework:spring-beans:jar:sources:5.1.5.RELEASE",
                    "org.springframework:spring-context:jar:sources:5.1.5.RELEASE",
                    "org.springframework:spring-core:jar:sources:5.1.5.RELEASE",
                    "org.springframework:spring-expression:jar:sources:5.1.5.RELEASE",
                    "org.springframework:spring-jcl:jar:sources:5.1.5.RELEASE"
                ],
                "directDependencies": [
                    "org.springframework.boot:spring-boot:jar:sources:2.1.3.RELEASE"
                ],
                "file": "v1/https/repo1.maven.org/maven2/org/springframework/boot/spring-boot-test/2.1.3.RELEASE/spring-boot-test-2.1.3.RELEASE-sources.jar",
                "mirror_urls": [
                    "https://repo1.maven.org/maven2/org/springframework/boot/spring-boot-test/2.1.3.RELEASE/spring-boot-test-2.1.3.RELEASE-sources.jar"
                ],
                "sha256": "1f2452c8edd441be5b356f05bff87ed06c5431b98e3c22cc0f7f504cb493128a",
                "url": "https://repo1.maven.org/maven2/org/springframework/boot/spring-boot-test/2.1.3.RELEASE/spring-boot-test-2.1.3.RELEASE-sources.jar"
            },
            {
                "coord": "org.springframework.boot:spring-boot:2.1.3.RELEASE",
                "dependencies": [
                    "org.springframework:spring-aop:5.1.5.RELEASE",
                    "org.springframework:spring-beans:5.1.5.RELEASE",
                    "org.springframework:spring-context:5.1.5.RELEASE",
                    "org.springframework:spring-core:5.1.5.RELEASE",
                    "org.springframework:spring-expression:5.1.5.RELEASE",
                    "org.springframework:spring-jcl:5.1.5.RELEASE"
                ],
                "directDependencies": [
                    "org.springframework:spring-context:5.1.5.RELEASE",
                    "org.springframework:spring-core:5.1.5.RELEASE"
                ],
                "file": "v1/https/repo1.maven.org/maven2/org/springframework/boot/spring-boot/2.1.3.RELEASE/spring-boot-2.1.3.RELEASE.jar",
                "mirror_urls": [
                    "https://repo1.maven.org/maven2/org/springframework/boot/spring-boot/2.1.3.RELEASE/spring-boot-2.1.3.RELEASE.jar"
                ],
                "sha256": "b94730a5420b92201b48b044b2368fc75ace3d9095cf243350d3b396f1b125a8",
                "url": "https://repo1.maven.org/maven2/org/springframework/boot/spring-boot/2.1.3.RELEASE/spring-boot-2.1.3.RELEASE.jar"
            },
            {
                "coord": "org.springframework.boot:spring-boot:jar:sources:2.1.3.RELEASE",
                "dependencies": [
                    "org.springframework:spring-aop:jar:sources:5.1.5.RELEASE",
                    "org.springframework:spring-beans:jar:sources:5.1.5.RELEASE",
                    "org.springframework:spring-context:jar:sources:5.1.5.RELEASE",
                    "org.springframework:spring-core:jar:sources:5.1.5.RELEASE",
                    "org.springframework:spring-expression:jar:sources:5.1.5.RELEASE",
                    "org.springframework:spring-jcl:jar:sources:5.1.5.RELEASE"
                ],
                "directDependencies": [
                    "org.springframework:spring-context:jar:sources:5.1.5.RELEASE",
                    "org.springframework:spring-core:jar:sources:5.1.5.RELEASE"
                ],
                "file": "v1/https/repo1.maven.org/maven2/org/springframework/boot/spring-boot/2.1.3.RELEASE/spring-boot-2.1.3.RELEASE-sources.jar",
                "mirror_urls": [
                    "https://repo1.maven.org/maven2/org/springframework/boot/spring-boot/2.1.3.RELEASE/spring-boot-2.1.3.RELEASE-sources.jar"
                ],
                "sha256": "0d0e54c3cdeddc1b3cd2be205ccba2cd73061def02d3f4f0d0191f38c7be64dd",
                "url": "https://repo1.maven.org/maven2/org/springframework/boot/spring-boot/2.1.3.RELEASE/spring-boot-2.1.3.RELEASE-sources.jar"
            },
            {
                "coord": "org.springframework:spring-aop:5.1.5.RELEASE",
                "dependencies": [
                    "org.springframework:spring-beans:5.1.5.RELEASE",
                    "org.springframework:spring-core:5.1.5.RELEASE",
                    "org.springframework:spring-jcl:5.1.5.RELEASE"
                ],
                "directDependencies": [
                    "org.springframework:spring-beans:5.1.5.RELEASE",
                    "org.springframework:spring-core:5.1.5.RELEASE"
                ],
                "file": "v1/https/repo1.maven.org/maven2/org/springframework/spring-aop/5.1.5.RELEASE/spring-aop-5.1.5.RELEASE.jar",
                "mirror_urls": [
                    "https://repo1.maven.org/maven2/org/springframework/spring-aop/5.1.5.RELEASE/spring-aop-5.1.5.RELEASE.jar"
                ],
                "sha256": "3a65f53ff7b61f68a29ee672a3f683f046602e766f5a10eabab7c0dc2a827757",
                "url": "https://repo1.maven.org/maven2/org/springframework/spring-aop/5.1.5.RELEASE/spring-aop-5.1.5.RELEASE.jar"
            },
            {
                "coord": "org.springframework:spring-aop:jar:sources:5.1.5.RELEASE",
                "dependencies": [
                    "org.springframework:spring-beans:jar:sources:5.1.5.RELEASE",
                    "org.springframework:spring-core:jar:sources:5.1.5.RELEASE",
                    "org.springframework:spring-jcl:jar:sources:5.1.5.RELEASE"
                ],
                "directDependencies": [
                    "org.springframework:spring-beans:jar:sources:5.1.5.RELEASE",
                    "org.springframework:spring-core:jar:sources:5.1.5.RELEASE"
                ],
                "file": "v1/https/repo1.maven.org/maven2/org/springframework/spring-aop/5.1.5.RELEASE/spring-aop-5.1.5.RELEASE-sources.jar",
                "mirror_urls": [
                    "https://repo1.maven.org/maven2/org/springframework/spring-aop/5.1.5.RELEASE/spring-aop-5.1.5.RELEASE-sources.jar"
                ],
                "sha256": "14d8dca62e5fbd5202a76f98cbdc9f33b950d174e72ac98b6df7f655ef6bc9e4",
                "url": "https://repo1.maven.org/maven2/org/springframework/spring-aop/5.1.5.RELEASE/spring-aop-5.1.5.RELEASE-sources.jar"
            },
            {
                "coord": "org.springframework:spring-beans:5.1.5.RELEASE",
                "dependencies": [
                    "org.springframework:spring-core:5.1.5.RELEASE",
                    "org.springframework:spring-jcl:5.1.5.RELEASE"
                ],
                "directDependencies": [
                    "org.springframework:spring-core:5.1.5.RELEASE"
                ],
                "file": "v1/https/repo1.maven.org/maven2/org/springframework/spring-beans/5.1.5.RELEASE/spring-beans-5.1.5.RELEASE.jar",
                "mirror_urls": [
                    "https://repo1.maven.org/maven2/org/springframework/spring-beans/5.1.5.RELEASE/spring-beans-5.1.5.RELEASE.jar"
                ],
                "sha256": "7f759c26bfc4697346de39993df48b2dac49f502d5d4e5d69f19054edc4376f5",
                "url": "https://repo1.maven.org/maven2/org/springframework/spring-beans/5.1.5.RELEASE/spring-beans-5.1.5.RELEASE.jar"
            },
            {
                "coord": "org.springframework:spring-beans:jar:sources:5.1.5.RELEASE",
                "dependencies": [
                    "org.springframework:spring-core:jar:sources:5.1.5.RELEASE",
                    "org.springframework:spring-jcl:jar:sources:5.1.5.RELEASE"
                ],
                "directDependencies": [
                    "org.springframework:spring-core:jar:sources:5.1.5.RELEASE"
                ],
                "file": "v1/https/repo1.maven.org/maven2/org/springframework/spring-beans/5.1.5.RELEASE/spring-beans-5.1.5.RELEASE-sources.jar",
                "mirror_urls": [
                    "https://repo1.maven.org/maven2/org/springframework/spring-beans/5.1.5.RELEASE/spring-beans-5.1.5.RELEASE-sources.jar"
                ],
                "sha256": "d85f341b1d878fb4f34211bdc3dd66cf5de54ebf0a553eea04ac3dbcefcd66ca",
                "url": "https://repo1.maven.org/maven2/org/springframework/spring-beans/5.1.5.RELEASE/spring-beans-5.1.5.RELEASE-sources.jar"
            },
            {
                "coord": "org.springframework:spring-context:5.1.5.RELEASE",
                "dependencies": [
                    "org.springframework:spring-aop:5.1.5.RELEASE",
                    "org.springframework:spring-beans:5.1.5.RELEASE",
                    "org.springframework:spring-core:5.1.5.RELEASE",
                    "org.springframework:spring-expression:5.1.5.RELEASE",
                    "org.springframework:spring-jcl:5.1.5.RELEASE"
                ],
                "directDependencies": [
                    "org.springframework:spring-aop:5.1.5.RELEASE",
                    "org.springframework:spring-beans:5.1.5.RELEASE",
                    "org.springframework:spring-core:5.1.5.RELEASE",
                    "org.springframework:spring-expression:5.1.5.RELEASE"
                ],
                "file": "v1/https/repo1.maven.org/maven2/org/springframework/spring-context/5.1.5.RELEASE/spring-context-5.1.5.RELEASE.jar",
                "mirror_urls": [
                    "https://repo1.maven.org/maven2/org/springframework/spring-context/5.1.5.RELEASE/spring-context-5.1.5.RELEASE.jar"
                ],
                "sha256": "6140252422a01d85dbd75fd2d6e8d4a7856f7c6ba6be4c5b59ff5f4b800d498b",
                "url": "https://repo1.maven.org/maven2/org/springframework/spring-context/5.1.5.RELEASE/spring-context-5.1.5.RELEASE.jar"
            },
            {
                "coord": "org.springframework:spring-context:jar:sources:5.1.5.RELEASE",
                "dependencies": [
                    "org.springframework:spring-aop:jar:sources:5.1.5.RELEASE",
                    "org.springframework:spring-beans:jar:sources:5.1.5.RELEASE",
                    "org.springframework:spring-core:jar:sources:5.1.5.RELEASE",
                    "org.springframework:spring-expression:jar:sources:5.1.5.RELEASE",
                    "org.springframework:spring-jcl:jar:sources:5.1.5.RELEASE"
                ],
                "directDependencies": [
                    "org.springframework:spring-aop:jar:sources:5.1.5.RELEASE",
                    "org.springframework:spring-beans:jar:sources:5.1.5.RELEASE",
                    "org.springframework:spring-core:jar:sources:5.1.5.RELEASE",
                    "org.springframework:spring-expression:jar:sources:5.1.5.RELEASE"
                ],
                "file": "v1/https/repo1.maven.org/maven2/org/springframework/spring-context/5.1.5.RELEASE/spring-context-5.1.5.RELEASE-sources.jar",
                "mirror_urls": [
                    "https://repo1.maven.org/maven2/org/springframework/spring-context/5.1.5.RELEASE/spring-context-5.1.5.RELEASE-sources.jar"
                ],
                "sha256": "1d94266215f362424c22013624a20f6891a6eb78e98a6f68d8afd267933a25ee",
                "url": "https://repo1.maven.org/maven2/org/springframework/spring-context/5.1.5.RELEASE/spring-context-5.1.5.RELEASE-sources.jar"
            },
            {
                "coord": "org.springframework:spring-core:5.1.5.RELEASE",
                "dependencies": [
                    "org.springframework:spring-jcl:5.1.5.RELEASE"
                ],
                "directDependencies": [
                    "org.springframework:spring-jcl:5.1.5.RELEASE"
                ],
                "file": "v1/https/repo1.maven.org/maven2/org/springframework/spring-core/5.1.5.RELEASE/spring-core-5.1.5.RELEASE.jar",
                "mirror_urls": [
                    "https://repo1.maven.org/maven2/org/springframework/spring-core/5.1.5.RELEASE/spring-core-5.1.5.RELEASE.jar"
                ],
                "sha256": "f771b605019eb9d2cf8f60c25c050233e39487ff54d74c93d687ea8de8b7285a",
                "url": "https://repo1.maven.org/maven2/org/springframework/spring-core/5.1.5.RELEASE/spring-core-5.1.5.RELEASE.jar"
            },
            {
                "coord": "org.springframework:spring-core:jar:sources:5.1.5.RELEASE",
                "dependencies": [
                    "org.springframework:spring-jcl:jar:sources:5.1.5.RELEASE"
                ],
                "directDependencies": [
                    "org.springframework:spring-jcl:jar:sources:5.1.5.RELEASE"
                ],
                "file": "v1/https/repo1.maven.org/maven2/org/springframework/spring-core/5.1.5.RELEASE/spring-core-5.1.5.RELEASE-sources.jar",
                "mirror_urls": [
                    "https://repo1.maven.org/maven2/org/springframework/spring-core/5.1.5.RELEASE/spring-core-5.1.5.RELEASE-sources.jar"
                ],
                "sha256": "b7e53176f1dbb4e5122c647e7f0775b888be65d7bd967a8f079ecebc8689d35d",
                "url": "https://repo1.maven.org/maven2/org/springframework/spring-core/5.1.5.RELEASE/spring-core-5.1.5.RELEASE-sources.jar"
            },
            {
                "coord": "org.springframework:spring-expression:5.1.5.RELEASE",
                "dependencies": [
                    "org.springframework:spring-core:5.1.5.RELEASE",
                    "org.springframework:spring-jcl:5.1.5.RELEASE"
                ],
                "directDependencies": [
                    "org.springframework:spring-core:5.1.5.RELEASE"
                ],
                "file": "v1/https/repo1.maven.org/maven2/org/springframework/spring-expression/5.1.5.RELEASE/spring-expression-5.1.5.RELEASE.jar",
                "mirror_urls": [
                    "https://repo1.maven.org/maven2/org/springframework/spring-expression/5.1.5.RELEASE/spring-expression-5.1.5.RELEASE.jar"
                ],
                "sha256": "c3c25bf89de3e277926abb0f32655ff5e365e1d1eed8c8602e05b07126bba1cf",
                "url": "https://repo1.maven.org/maven2/org/springframework/spring-expression/5.1.5.RELEASE/spring-expression-5.1.5.RELEASE.jar"
            },
            {
                "coord": "org.springframework:spring-expression:jar:sources:5.1.5.RELEASE",
                "dependencies": [
                    "org.springframework:spring-core:jar:sources:5.1.5.RELEASE",
                    "org.springframework:spring-jcl:jar:sources:5.1.5.RELEASE"
                ],
                "directDependencies": [
                    "org.springframework:spring-core:jar:sources:5.1.5.RELEASE"
                ],
                "file": "v1/https/repo1.maven.org/maven2/org/springframework/spring-expression/5.1.5.RELEASE/spring-expression-5.1.5.RELEASE-sources.jar",
                "mirror_urls": [
                    "https://repo1.maven.org/maven2/org/springframework/spring-expression/5.1.5.RELEASE/spring-expression-5.1.5.RELEASE-sources.jar"
                ],
                "sha256": "ee0d12bce9f3e5bf5de79245db718c7aad4ec74087935ba1e11f8037d7187a92",
                "url": "https://repo1.maven.org/maven2/org/springframework/spring-expression/5.1.5.RELEASE/spring-expression-5.1.5.RELEASE-sources.jar"
            },
            {
                "coord": "org.springframework:spring-jcl:5.1.5.RELEASE",
                "dependencies": [],
                "directDependencies": [],
                "file": "v1/https/repo1.maven.org/maven2/org/springframework/spring-jcl/5.1.5.RELEASE/spring-jcl-5.1.5.RELEASE.jar",
                "mirror_urls": [
                    "https://repo1.maven.org/maven2/org/springframework/spring-jcl/5.1.5.RELEASE/spring-jcl-5.1.5.RELEASE.jar"
                ],
                "sha256": "194423c7c485e40706d74c01a36b1f0aad436f0b55958f06ac95bcbac65bf4e6",
                "url": "https://repo1.maven.org/maven2/org/springframework/spring-jcl/5.1.5.RELEASE/spring-jcl-5.1.5.RELEASE.jar"
            },
            {
                "coord": "org.springframework:spring-jcl:jar:sources:5.1.5.RELEASE",
                "dependencies": [],
                "directDependencies": [],
                "file": "v1/https/repo1.maven.org/maven2/org/springframework/spring-jcl/5.1.5.RELEASE/spring-jcl-5.1.5.RELEASE-sources.jar",
                "mirror_urls": [
                    "https://repo1.maven.org/maven2/org/springframework/spring-jcl/5.1.5.RELEASE/spring-jcl-5.1.5.RELEASE-sources.jar"
                ],
                "sha256": "7279dc8e2dab344996afb6884351e94de76c2720bae27a79a609ad80d2b8c9c3",
                "url": "https://repo1.maven.org/maven2/org/springframework/spring-jcl/5.1.5.RELEASE/spring-jcl-5.1.5.RELEASE-sources.jar"
            },
            {
                "coord": "org.springframework:spring-test:5.1.5.RELEASE",
                "dependencies": [
                    "org.springframework:spring-core:5.1.5.RELEASE",
                    "org.springframework:spring-jcl:5.1.5.RELEASE"
                ],
                "directDependencies": [
                    "org.springframework:spring-core:5.1.5.RELEASE"
                ],
                "file": "v1/https/repo1.maven.org/maven2/org/springframework/spring-test/5.1.5.RELEASE/spring-test-5.1.5.RELEASE.jar",
                "mirror_urls": [
                    "https://repo1.maven.org/maven2/org/springframework/spring-test/5.1.5.RELEASE/spring-test-5.1.5.RELEASE.jar"
                ],
                "sha256": "f3629e1e657e5b395fef09af986b77f738d83d6beefbb8be4d70f31f5affda51",
                "url": "https://repo1.maven.org/maven2/org/springframework/spring-test/5.1.5.RELEASE/spring-test-5.1.5.RELEASE.jar"
            },
            {
                "coord": "org.springframework:spring-test:jar:sources:5.1.5.RELEASE",
                "dependencies": [
                    "org.springframework:spring-core:jar:sources:5.1.5.RELEASE",
                    "org.springframework:spring-jcl:jar:sources:5.1.5.RELEASE"
                ],
                "directDependencies": [
                    "org.springframework:spring-core:jar:sources:5.1.5.RELEASE"
                ],
                "file": "v1/https/repo1.maven.org/maven2/org/springframework/spring-test/5.1.5.RELEASE/spring-test-5.1.5.RELEASE-sources.jar",
                "mirror_urls": [
                    "https://repo1.maven.org/maven2/org/springframework/spring-test/5.1.5.RELEASE/spring-test-5.1.5.RELEASE-sources.jar"
                ],
                "sha256": "457ae5419abdfaa2c3cb381fdd2ced554221eb3d84e019c4df3383bda281da1e",
                "url": "https://repo1.maven.org/maven2/org/springframework/spring-test/5.1.5.RELEASE/spring-test-5.1.5.RELEASE-sources.jar"
            },
            {
                "coord": "org.springframework:spring-web:5.1.5.RELEASE",
                "dependencies": [
                    "org.springframework:spring-beans:5.1.5.RELEASE",
                    "org.springframework:spring-core:5.1.5.RELEASE",
                    "org.springframework:spring-jcl:5.1.5.RELEASE"
                ],
                "directDependencies": [
                    "org.springframework:spring-beans:5.1.5.RELEASE",
                    "org.springframework:spring-core:5.1.5.RELEASE"
                ],
                "file": "v1/https/repo1.maven.org/maven2/org/springframework/spring-web/5.1.5.RELEASE/spring-web-5.1.5.RELEASE.jar",
                "mirror_urls": [
                    "https://repo1.maven.org/maven2/org/springframework/spring-web/5.1.5.RELEASE/spring-web-5.1.5.RELEASE.jar"
                ],
                "sha256": "0a7a9111a6aae028dc7ceefa3cfee76c01e70f8e61cd2289a0271b16975f76f7",
                "url": "https://repo1.maven.org/maven2/org/springframework/spring-web/5.1.5.RELEASE/spring-web-5.1.5.RELEASE.jar"
            },
            {
                "coord": "org.springframework:spring-web:jar:sources:5.1.5.RELEASE",
                "dependencies": [
                    "org.springframework:spring-beans:jar:sources:5.1.5.RELEASE",
                    "org.springframework:spring-core:jar:sources:5.1.5.RELEASE",
                    "org.springframework:spring-jcl:jar:sources:5.1.5.RELEASE"
                ],
                "directDependencies": [
                    "org.springframework:spring-beans:jar:sources:5.1.5.RELEASE",
                    "org.springframework:spring-core:jar:sources:5.1.5.RELEASE"
                ],
                "file": "v1/https/repo1.maven.org/maven2/org/springframework/spring-web/5.1.5.RELEASE/spring-web-5.1.5.RELEASE-sources.jar",
                "mirror_urls": [
                    "https://repo1.maven.org/maven2/org/springframework/spring-web/5.1.5.RELEASE/spring-web-5.1.5.RELEASE-sources.jar"
                ],
                "sha256": "0b912b06245fed315c146ebc2e49820f70a4dbed439ea0eed711b7f6173c6bcb",
                "url": "https://repo1.maven.org/maven2/org/springframework/spring-web/5.1.5.RELEASE/spring-web-5.1.5.RELEASE-sources.jar"
            },
            {
                "coord": "org.springframework:spring-webmvc:5.1.5.RELEASE",
                "dependencies": [
                    "org.springframework:spring-aop:5.1.5.RELEASE",
                    "org.springframework:spring-beans:5.1.5.RELEASE",
                    "org.springframework:spring-context:5.1.5.RELEASE",
                    "org.springframework:spring-core:5.1.5.RELEASE",
                    "org.springframework:spring-expression:5.1.5.RELEASE",
                    "org.springframework:spring-jcl:5.1.5.RELEASE",
                    "org.springframework:spring-web:5.1.5.RELEASE"
                ],
                "directDependencies": [
                    "org.springframework:spring-aop:5.1.5.RELEASE",
                    "org.springframework:spring-beans:5.1.5.RELEASE",
                    "org.springframework:spring-context:5.1.5.RELEASE",
                    "org.springframework:spring-core:5.1.5.RELEASE",
                    "org.springframework:spring-expression:5.1.5.RELEASE",
                    "org.springframework:spring-web:5.1.5.RELEASE"
                ],
                "file": "v1/https/repo1.maven.org/maven2/org/springframework/spring-webmvc/5.1.5.RELEASE/spring-webmvc-5.1.5.RELEASE.jar",
                "mirror_urls": [
                    "https://repo1.maven.org/maven2/org/springframework/spring-webmvc/5.1.5.RELEASE/spring-webmvc-5.1.5.RELEASE.jar"
                ],
                "sha256": "7953dc786a5ee32a267cdf8e9be08b94f7cb52bf88dd9752e29ba17943884eb7",
                "url": "https://repo1.maven.org/maven2/org/springframework/spring-webmvc/5.1.5.RELEASE/spring-webmvc-5.1.5.RELEASE.jar"
            },
            {
                "coord": "org.springframework:spring-webmvc:jar:sources:5.1.5.RELEASE",
                "dependencies": [
                    "org.springframework:spring-aop:jar:sources:5.1.5.RELEASE",
                    "org.springframework:spring-beans:jar:sources:5.1.5.RELEASE",
                    "org.springframework:spring-context:jar:sources:5.1.5.RELEASE",
                    "org.springframework:spring-core:jar:sources:5.1.5.RELEASE",
                    "org.springframework:spring-expression:jar:sources:5.1.5.RELEASE",
                    "org.springframework:spring-jcl:jar:sources:5.1.5.RELEASE",
                    "org.springframework:spring-web:jar:sources:5.1.5.RELEASE"
                ],
                "directDependencies": [
                    "org.springframework:spring-aop:jar:sources:5.1.5.RELEASE",
                    "org.springframework:spring-beans:jar:sources:5.1.5.RELEASE",
                    "org.springframework:spring-context:jar:sources:5.1.5.RELEASE",
                    "org.springframework:spring-core:jar:sources:5.1.5.RELEASE",
                    "org.springframework:spring-expression:jar:sources:5.1.5.RELEASE",
                    "org.springframework:spring-web:jar:sources:5.1.5.RELEASE"
                ],
                "file": "v1/https/repo1.maven.org/maven2/org/springframework/spring-webmvc/5.1.5.RELEASE/spring-webmvc-5.1.5.RELEASE-sources.jar",
                "mirror_urls": [
                    "https://repo1.maven.org/maven2/org/springframework/spring-webmvc/5.1.5.RELEASE/spring-webmvc-5.1.5.RELEASE-sources.jar"
                ],
                "sha256": "7fd51560c3be63e21ca5c06e229e7235131b1bd2191e7e7f4e56ef9de72fcac0",
                "url": "https://repo1.maven.org/maven2/org/springframework/spring-webmvc/5.1.5.RELEASE/spring-webmvc-5.1.5.RELEASE-sources.jar"
            },
            {
                "coord": "org.yaml:snakeyaml:1.23",
                "dependencies": [],
                "directDependencies": [],
                "file": "v1/https/repo1.maven.org/maven2/org/yaml/snakeyaml/1.23/snakeyaml-1.23.jar",
                "mirror_urls": [
                    "https://repo1.maven.org/maven2/org/yaml/snakeyaml/1.23/snakeyaml-1.23.jar"
                ],
                "sha256": "13009fb5ede3cf2be5a8d0f1602155aeaa0ce5ef5f9366892bd258d8d3d4d2b1",
                "url": "https://repo1.maven.org/maven2/org/yaml/snakeyaml/1.23/snakeyaml-1.23.jar"
            },
            {
                "coord": "org.yaml:snakeyaml:jar:sources:1.23",
                "dependencies": [],
                "directDependencies": [],
                "file": "v1/https/repo1.maven.org/maven2/org/yaml/snakeyaml/1.23/snakeyaml-1.23-sources.jar",
                "mirror_urls": [
                    "https://repo1.maven.org/maven2/org/yaml/snakeyaml/1.23/snakeyaml-1.23-sources.jar"
                ],
                "sha256": "ec649cde6353321553eebc3ccf7c473663113d17d724df94541de88e06101d53",
                "url": "https://repo1.maven.org/maven2/org/yaml/snakeyaml/1.23/snakeyaml-1.23-sources.jar"
            }
        ],
        "version": "0.1.0"
    }
}
